compound,target,vina_score,status
CHEMBL1037,IRF8_AF2_DBD,-5.407,ok
CHEMBL1057,IRF8_AF2_DBD,-7.421,ok
CHEMBL1024,IRF8_AF2_DBD,-4.27,ok
CHEMBL1046,IRF8_AF2_DBD,-3.481,ok
CHEMBL100116,IRF8_AF2_DBD,-6.579,ok
CHEMBL1059,IRF8_AF2_DBD,-3.981,ok
CHEMBL106258,IRF8_AF2_DBD,-4.986,ok
CHEMBL1043,IRF8_AF2_DBD,-5.679,ok
CHEMBL1054,IRF8_AF2_DBD,-6.034,ok
CHEMBL1009,IRF8_AF2_DBD,-4.94,ok
CHEMBL1020,IRF8_AF2_DBD,-5.875,ok
CHEMBL1018,IRF8_AF2_DBD,-5.81,ok
CHEMBL1029,IRF8_AF2_DBD,-4.296,ok
CHEMBL1021,IRF8_AF2_DBD,-6.174,ok
CHEMBL1076903,IRF8_AF2_DBD,-5.988,ok
CHEMBL1055,IRF8_AF2_DBD,-7.028,ok
CHEMBL105,IRF8_AF2_DBD,-5.814,ok
CHEMBL1006,IRF8_AF2_DBD,-3.833,ok
CHEMBL1002,IRF8_AF2_DBD,-5.241,ok
CHEMBL106,IRF8_AF2_DBD,-5.556,ok
CHEMBL108,IRF8_AF2_DBD,-6.727,ok
CHEMBL1079,IRF8_AF2_DBD,-5.072,ok
CHEMBL108545,IRF8_AF2_DBD,-4.496,ok
CHEMBL1013,IRF8_AF2_DBD,-6.322,ok
CHEMBL1079604,IRF8_AF2_DBD,-5.704,ok
CHEMBL1077896,IRF8_AF2_DBD,-5.358,ok
CHEMBL1087,IRF8_AF2_DBD,-5.552,ok
CHEMBL1089,IRF8_AF2_DBD,-4.455,ok
CHEMBL1065,IRF8_AF2_DBD,-6.053,ok
CHEMBL10878,IRF8_AF2_DBD,-5.873,ok
CHEMBL1077,IRF8_AF2_DBD,-5.727,ok
CHEMBL109,IRF8_AF2_DBD,-3.77,ok
CHEMBL1071,IRF8_AF2_DBD,-6.305,ok
CHEMBL1095,IRF8_AF2_DBD,-5.441,ok
CHEMBL1090,IRF8_AF2_DBD,-5.136,ok
CHEMBL1000,IRF8_AF2_DBD,,timeout
CHEMBL1068,IRF8_AF2_DBD,-5.132,ok
CHEMBL1089221,IRF8_AF2_DBD,-6.036,ok
CHEMBL1093,IRF8_AF2_DBD,-4.692,ok
CHEMBL1094,IRF8_AF2_DBD,-5.028,ok
CHEMBL1094636,IRF8_AF2_DBD,-6.542,ok
CHEMBL1098319,IRF8_AF2_DBD,-2.838,ok
CHEMBL1096,IRF8_AF2_DBD,-6.395,ok
CHEMBL1094966,IRF8_AF2_DBD,-4.801,ok
CHEMBL1096562,IRF8_AF2_DBD,-3.566,ok
CHEMBL1082407,IRF8_AF2_DBD,-6.421,ok
CHEMBL1091,IRF8_AF2_DBD,-7.216,ok
CHEMBL1064,IRF8_AF2_DBD,,timeout
CHEMBL1072,IRF8_AF2_DBD,-5.499,ok
CHEMBL107,IRF8_AF2_DBD,,timeout
CHEMBL1075,IRF8_AF2_DBD,-5.996,ok
CHEMBL1106,IRF8_AF2_DBD,-6.528,ok
CHEMBL1073,IRF8_AF2_DBD,,timeout
CHEMBL1104,IRF8_AF2_DBD,-4.612,ok
CHEMBL1102,IRF8_AF2_DBD,-5.751,ok
CHEMBL110458,IRF8_AF2_DBD,-3.719,ok
CHEMBL1140,IRF8_AF2_DBD,-3.906,ok
CHEMBL112,IRF8_AF2_DBD,-4.357,ok
CHEMBL1078178,IRF8_AF2_DBD,,timeout
CHEMBL1098,IRF8_AF2_DBD,-5.341,ok
CHEMBL1085,IRF8_AF2_DBD,,timeout
CHEMBL1160819,IRF8_AF2_DBD,-1.103,ok
CHEMBL110,IRF8_AF2_DBD,-5.718,ok
CHEMBL1086,IRF8_AF2_DBD,-5.637,ok
CHEMBL1110,IRF8_AF2_DBD,-6.621,ok
CHEMBL1161681,IRF8_AF2_DBD,-2.669,ok
CHEMBL1149,IRF8_AF2_DBD,-3.392,ok
CHEMBL1118,IRF8_AF2_DBD,-4.894,ok
CHEMBL1101,IRF8_AF2_DBD,-6.221,ok
CHEMBL1159,IRF8_AF2_DBD,-5.57,ok
CHEMBL1129,IRF8_AF2_DBD,-5.491,ok
CHEMBL1109,IRF8_AF2_DBD,-6.52,ok
CHEMBL1169,IRF8_AF2_DBD,-4.195,ok
CHEMBL11662,IRF8_AF2_DBD,-5.624,ok
CHEMBL1177,IRF8_AF2_DBD,-5.165,ok
CHEMBL1095777,IRF8_AF2_DBD,,timeout
CHEMBL1167,IRF8_AF2_DBD,-5.792,ok
CHEMBL1164729,IRF8_AF2_DBD,-5.934,ok
CHEMBL1152,IRF8_AF2_DBD,-6.797,ok
CHEMBL1148,IRF8_AF2_DBD,-6.081,ok
CHEMBL1096146,IRF8_AF2_DBD,,timeout
CHEMBL1175,IRF8_AF2_DBD,-5.713,ok
CHEMBL1159650,IRF8_AF2_DBD,-6.489,ok
CHEMBL1179047,IRF8_AF2_DBD,-4.776,ok
CHEMBL1186579,IRF8_AF2_DBD,-6.523,ok
CHEMBL1108,IRF8_AF2_DBD,-7.41,ok
CHEMBL1111,IRF8_AF2_DBD,-6.052,ok
CHEMBL1185,IRF8_AF2_DBD,-5.982,ok
CHEMBL117287,IRF8_AF2_DBD,-5.874,ok
CHEMBL1191,IRF8_AF2_DBD,-5.485,ok
CHEMBL1112,IRF8_AF2_DBD,,timeout
CHEMBL1194,IRF8_AF2_DBD,-5.072,ok
CHEMBL1138,IRF8_AF2_DBD,,timeout
CHEMBL1139,IRF8_AF2_DBD,,timeout
CHEMBL118,IRF8_AF2_DBD,-6.138,ok
CHEMBL1189432,IRF8_AF2_DBD,-6.452,ok
CHEMBL1200436,IRF8_AF2_DBD,-7.084,ok
CHEMBL1200391,IRF8_AF2_DBD,-3.224,ok
CHEMBL1168,IRF8_AF2_DBD,,timeout
CHEMBL1200430,IRF8_AF2_DBD,-7.069,ok
CHEMBL1200559,IRF8_AF2_DBD,-3.221,ok
CHEMBL1200359,IRF8_AF2_DBD,-5.392,ok
CHEMBL1197,IRF8_AF2_DBD,-5.87,ok
CHEMBL1173055,IRF8_AF2_DBD,,timeout
CHEMBL1173655,IRF8_AF2_DBD,,timeout
CHEMBL1200660,IRF8_AF2_DBD,-3.697,ok
CHEMBL1200356,IRF8_AF2_DBD,-6.084,ok
CHEMBL1200790,IRF8_AF2_DBD,-4.285,ok
CHEMBL1183717,IRF8_AF2_DBD,,timeout
CHEMBL1200617,IRF8_AF2_DBD,-6.512,ok
CHEMBL1200600,IRF8_AF2_DBD,-6.987,ok
CHEMBL1200802,IRF8_AF2_DBD,-4.444,ok
CHEMBL119,IRF8_AF2_DBD,-6.044,ok
CHEMBL1200342,IRF8_AF2_DBD,-6.518,ok
CHEMBL1195,IRF8_AF2_DBD,-4.937,ok
CHEMBL1196,IRF8_AF2_DBD,-5.087,ok
CHEMBL1200829,IRF8_AF2_DBD,-4.086,ok
CHEMBL1200807,IRF8_AF2_DBD,-6.653,ok
CHEMBL1200,IRF8_AF2_DBD,-5.172,ok
CHEMBL1200604,IRF8_AF2_DBD,-5.526,ok
CHEMBL1200774,IRF8_AF2_DBD,-6.367,ok
CHEMBL1200538,IRF8_AF2_DBD,-7.132,ok
CHEMBL1200907,IRF8_AF2_DBD,-6.702,ok
CHEMBL1200862,IRF8_AF2_DBD,-4.733,ok
CHEMBL1194325,IRF8_AF2_DBD,,timeout
CHEMBL1200845,IRF8_AF2_DBD,-7.107,ok
CHEMBL1200868,IRF8_AF2_DBD,-5.803,ok
CHEMBL1200376,IRF8_AF2_DBD,,timeout
CHEMBL1200386,IRF8_AF2_DBD,,timeout
CHEMBL1200910,IRF8_AF2_DBD,-5.687,ok
CHEMBL1200922,IRF8_AF2_DBD,-4.299,ok
CHEMBL1201073,IRF8_AF2_DBD,-3.352,ok
CHEMBL1200449,IRF8_AF2_DBD,,timeout
CHEMBL1200979,IRF8_AF2_DBD,-4.153,ok
CHEMBL1200545,IRF8_AF2_DBD,,timeout
CHEMBL1201012,IRF8_AF2_DBD,-6.658,ok
CHEMBL1201056,IRF8_AF2_DBD,-5.568,ok
CHEMBL1201189,IRF8_AF2_DBD,-1.103,ok
CHEMBL1200562,IRF8_AF2_DBD,,timeout
CHEMBL1201129,IRF8_AF2_DBD,-4.742,ok
CHEMBL1201151,IRF8_AF2_DBD,-6.652,ok
CHEMBL1201109,IRF8_AF2_DBD,-6.456,ok
CHEMBL1201168,IRF8_AF2_DBD,-6.04,ok
CHEMBL1201173,IRF8_AF2_DBD,-7.632,ok
CHEMBL1201148,IRF8_AF2_DBD,-6.613,ok
CHEMBL1201039,IRF8_AF2_DBD,-6.154,ok
CHEMBL1200865,IRF8_AF2_DBD,-6.076,ok
CHEMBL1201198,IRF8_AF2_DBD,-6.161,ok
CHEMBL1201117,IRF8_AF2_DBD,-5.335,ok
CHEMBL1201112,IRF8_AF2_DBD,-5.265,ok
CHEMBL1201010,IRF8_AF2_DBD,-6.838,ok
CHEMBL1201201,IRF8_AF2_DBD,-4.356,ok
CHEMBL1201208,IRF8_AF2_DBD,-4.709,ok
CHEMBL1201192,IRF8_AF2_DBD,-5.408,ok
CHEMBL1200877,IRF8_AF2_DBD,,timeout
CHEMBL1201234,IRF8_AF2_DBD,-4.308,ok
CHEMBL1200909,IRF8_AF2_DBD,,timeout
CHEMBL1201116,IRF8_AF2_DBD,-5.721,ok
CHEMBL1201193,IRF8_AF2_DBD,-5.351,ok
CHEMBL1200953,IRF8_AF2_DBD,,timeout
CHEMBL1200971,IRF8_AF2_DBD,-5.986,ok
CHEMBL1200975,IRF8_AF2_DBD,-7.241,ok
CHEMBL1201260,IRF8_AF2_DBD,-5.031,ok
CHEMBL1201269,IRF8_AF2_DBD,-4.643,ok
CHEMBL1201213,IRF8_AF2_DBD,-5.409,ok
CHEMBL1201227,IRF8_AF2_DBD,-5.904,ok
CHEMBL1201233,IRF8_AF2_DBD,-5.343,ok
CHEMBL1201235,IRF8_AF2_DBD,-5.942,ok
CHEMBL1201087,IRF8_AF2_DBD,,timeout
CHEMBL1201212,IRF8_AF2_DBD,-4.809,ok
CHEMBL1201319,IRF8_AF2_DBD,,ok
CHEMBL1201236,IRF8_AF2_DBD,-5.124,ok
CHEMBL1201323,IRF8_AF2_DBD,-3.685,ok
CHEMBL1201293,IRF8_AF2_DBD,-3.918,ok
CHEMBL1201308,IRF8_AF2_DBD,-5.167,ok
CHEMBL1201222,IRF8_AF2_DBD,-5.551,ok
CHEMBL1201242,IRF8_AF2_DBD,-5.802,ok
CHEMBL1201237,IRF8_AF2_DBD,-5.883,ok
CHEMBL1201266,IRF8_AF2_DBD,-5.758,ok
CHEMBL1201288,IRF8_AF2_DBD,-6.179,ok
CHEMBL1201191,IRF8_AF2_DBD,,timeout
CHEMBL1201232,IRF8_AF2_DBD,-5.292,ok
CHEMBL1201313,IRF8_AF2_DBD,-5.454,ok
CHEMBL1201320,IRF8_AF2_DBD,-6.177,ok
CHEMBL1201325,IRF8_AF2_DBD,-6.295,ok
CHEMBL1201754,IRF8_AF2_DBD,-5.774,ok
CHEMBL1201262,IRF8_AF2_DBD,-5.812,ok
CHEMBL1201273,IRF8_AF2_DBD,-5.53,ok
CHEMBL1201335,IRF8_AF2_DBD,-6.122,ok
CHEMBL1201338,IRF8_AF2_DBD,-5.436,ok
CHEMBL1201251,IRF8_AF2_DBD,,timeout
CHEMBL1201256,IRF8_AF2_DBD,,timeout
CHEMBL1201263,IRF8_AF2_DBD,,timeout
CHEMBL1201286,IRF8_AF2_DBD,-5.468,ok
CHEMBL1201356,IRF8_AF2_DBD,-6.242,ok
CHEMBL1201274,IRF8_AF2_DBD,-5.341,ok
CHEMBL1208642,IRF8_AF2_DBD,-3.145,ok
CHEMBL1201776,IRF8_AF2_DBD,-4.909,ok
CHEMBL1201864,IRF8_AF2_DBD,-6.813,ok
CHEMBL1201780,IRF8_AF2_DBD,-3.976,ok
CHEMBL1201345,IRF8_AF2_DBD,-4.834,ok
CHEMBL1208,IRF8_AF2_DBD,-5.636,ok
CHEMBL1201314,IRF8_AF2_DBD,,timeout
CHEMBL1201354,IRF8_AF2_DBD,-5.385,ok
CHEMBL1201347,IRF8_AF2_DBD,-6.406,ok
CHEMBL1215,IRF8_AF2_DBD,-4.499,ok
CHEMBL1213251,IRF8_AF2_DBD,-6.301,ok
CHEMBL1201328,IRF8_AF2_DBD,,timeout
CHEMBL1230314,IRF8_AF2_DBD,,ok
CHEMBL1201784,IRF8_AF2_DBD,-4.456,ok
CHEMBL1222250,IRF8_AF2_DBD,-3.922,ok
CHEMBL1201346,IRF8_AF2_DBD,,timeout
CHEMBL1236821,IRF8_AF2_DBD,,ok
CHEMBL1218,IRF8_AF2_DBD,-5.881,ok
CHEMBL1206690,IRF8_AF2_DBD,-6.439,ok
CHEMBL1201753,IRF8_AF2_DBD,,timeout
CHEMBL1201863,IRF8_AF2_DBD,-6.184,ok
CHEMBL1201891,IRF8_AF2_DBD,-6.663,ok
CHEMBL1236315,IRF8_AF2_DBD,-3.399,ok
CHEMBL1237044,IRF8_AF2_DBD,-5.556,ok
CHEMBL1201758,IRF8_AF2_DBD,,timeout
CHEMBL1214,IRF8_AF2_DBD,-6.439,ok
CHEMBL1228,IRF8_AF2_DBD,-6.114,ok
CHEMBL1201760,IRF8_AF2_DBD,,timeout
CHEMBL1254682,IRF8_AF2_DBD,-6.113,ok
CHEMBL1242,IRF8_AF2_DBD,-5.587,ok
CHEMBL1233,IRF8_AF2_DBD,-4.588,ok
CHEMBL121,IRF8_AF2_DBD,-5.702,ok
CHEMBL1243,IRF8_AF2_DBD,-5.994,ok
CHEMBL1266,IRF8_AF2_DBD,-5.345,ok
CHEMBL1229,IRF8_AF2_DBD,-5.3,ok
CHEMBL1238,IRF8_AF2_DBD,-4.376,ok
CHEMBL1224,IRF8_AF2_DBD,-6.211,ok
CHEMBL1219,IRF8_AF2_DBD,-5.725,ok
CHEMBL1229211,IRF8_AF2_DBD,-7.114,ok
CHEMBL1213252,IRF8_AF2_DBD,,timeout
CHEMBL1213492,IRF8_AF2_DBD,,timeout
CHEMBL12856,IRF8_AF2_DBD,-4.98,ok
CHEMBL1279,IRF8_AF2_DBD,-6.195,ok
CHEMBL1286,IRF8_AF2_DBD,-4.175,ok
CHEMBL1261,IRF8_AF2_DBD,-4.027,ok
CHEMBL127516,IRF8_AF2_DBD,-4.566,ok
CHEMBL1257073,IRF8_AF2_DBD,-6.93,ok
CHEMBL1282,IRF8_AF2_DBD,-5.486,ok
CHEMBL130,IRF8_AF2_DBD,,ok
CHEMBL1274,IRF8_AF2_DBD,-6.267,ok
CHEMBL126,IRF8_AF2_DBD,-6.021,ok
CHEMBL1231,IRF8_AF2_DBD,,timeout
CHEMBL128,IRF8_AF2_DBD,-5.562,ok
CHEMBL129,IRF8_AF2_DBD,-5.411,ok
CHEMBL1308,IRF8_AF2_DBD,-3.108,ok
CHEMBL1256841,IRF8_AF2_DBD,-4.905,ok
CHEMBL1297,IRF8_AF2_DBD,-5.901,ok
CHEMBL1237119,IRF8_AF2_DBD,,timeout
CHEMBL1278,IRF8_AF2_DBD,-6.074,ok
CHEMBL1311,IRF8_AF2_DBD,-4.044,ok
CHEMBL1314,IRF8_AF2_DBD,-3.623,ok
CHEMBL1237132,IRF8_AF2_DBD,,timeout
CHEMBL1301,IRF8_AF2_DBD,-6.343,ok
CHEMBL1305,IRF8_AF2_DBD,-6.04,ok
CHEMBL134,IRF8_AF2_DBD,-4.769,ok
CHEMBL1294,IRF8_AF2_DBD,-6.268,ok
CHEMBL1342,IRF8_AF2_DBD,-3.333,ok
CHEMBL1316,IRF8_AF2_DBD,-6.456,ok
CHEMBL1356238,IRF8_AF2_DBD,-3.513,ok
CHEMBL127,IRF8_AF2_DBD,-6.258,ok
CHEMBL1321,IRF8_AF2_DBD,-5.22,ok
CHEMBL135,IRF8_AF2_DBD,-6.389,ok
CHEMBL1371,IRF8_AF2_DBD,-4.38,ok
CHEMBL1303,IRF8_AF2_DBD,-5.714,ok
CHEMBL13,IRF8_AF2_DBD,-5.248,ok
CHEMBL1290,IRF8_AF2_DBD,-5.847,ok
CHEMBL1256786,IRF8_AF2_DBD,,timeout
CHEMBL137,IRF8_AF2_DBD,-3.678,ok
CHEMBL1364,IRF8_AF2_DBD,-4.062,ok
CHEMBL1324,IRF8_AF2_DBD,-6.357,ok
CHEMBL12713,IRF8_AF2_DBD,-6.313,ok
CHEMBL1291,IRF8_AF2_DBD,-5.752,ok
CHEMBL14060,IRF8_AF2_DBD,-3.694,ok
CHEMBL1412,IRF8_AF2_DBD,-2.879,ok
CHEMBL1377,IRF8_AF2_DBD,-5.726,ok
CHEMBL139877,IRF8_AF2_DBD,-4.771,ok
CHEMBL1389,IRF8_AF2_DBD,-6.608,ok
CHEMBL1388,IRF8_AF2_DBD,-5.756,ok
CHEMBL1289926,IRF8_AF2_DBD,-6.954,ok
CHEMBL1289601,IRF8_AF2_DBD,-6.452,ok
CHEMBL1425,IRF8_AF2_DBD,-3.785,ok
CHEMBL1420,IRF8_AF2_DBD,-4.185,ok
CHEMBL1413,IRF8_AF2_DBD,-5.261,ok
CHEMBL1373,IRF8_AF2_DBD,-5.345,ok
CHEMBL141,IRF8_AF2_DBD,-4.834,ok
CHEMBL139,IRF8_AF2_DBD,-5.912,ok
CHEMBL1431,IRF8_AF2_DBD,-3.886,ok
CHEMBL13376,IRF8_AF2_DBD,-6.063,ok
CHEMBL1430,IRF8_AF2_DBD,-3.162,ok
CHEMBL1380,IRF8_AF2_DBD,-6.063,ok
CHEMBL1441,IRF8_AF2_DBD,-4.174,ok
CHEMBL1401,IRF8_AF2_DBD,-5.77,ok
CHEMBL1370,IRF8_AF2_DBD,-6.191,ok
CHEMBL1364144,IRF8_AF2_DBD,-6.334,ok
CHEMBL1437,IRF8_AF2_DBD,-4.405,ok
CHEMBL1445,IRF8_AF2_DBD,-7.135,ok
CHEMBL1454910,IRF8_AF2_DBD,-4.963,ok
CHEMBL142703,IRF8_AF2_DBD,-6.038,ok
CHEMBL1463,IRF8_AF2_DBD,-3.891,ok
CHEMBL1460,IRF8_AF2_DBD,-5.719,ok
CHEMBL1448,IRF8_AF2_DBD,-6.341,ok
CHEMBL1349,IRF8_AF2_DBD,-5.725,ok
CHEMBL1467,IRF8_AF2_DBD,-4.385,ok
CHEMBL1346,IRF8_AF2_DBD,,timeout
CHEMBL1402684,IRF8_AF2_DBD,-6.324,ok
CHEMBL148,IRF8_AF2_DBD,,ok
CHEMBL1363,IRF8_AF2_DBD,,timeout
CHEMBL14370,IRF8_AF2_DBD,-6.388,ok
CHEMBL1451,IRF8_AF2_DBD,-6.96,ok
CHEMBL1465,IRF8_AF2_DBD,-6.37,ok
CHEMBL1469,IRF8_AF2_DBD,-4.744,ok
CHEMBL1464,IRF8_AF2_DBD,-6.399,ok
CHEMBL1482,IRF8_AF2_DBD,-3.482,ok
CHEMBL1449,IRF8_AF2_DBD,-5.89,ok
CHEMBL1404,IRF8_AF2_DBD,,timeout
CHEMBL1474963,IRF8_AF2_DBD,-6.219,ok
CHEMBL1443,IRF8_AF2_DBD,-6.189,ok
CHEMBL1474889,IRF8_AF2_DBD,-4.883,ok
CHEMBL1466,IRF8_AF2_DBD,-6.442,ok
CHEMBL1421,IRF8_AF2_DBD,,timeout
CHEMBL1422,IRF8_AF2_DBD,,timeout
CHEMBL1483,IRF8_AF2_DBD,-5.474,ok
CHEMBL142635,IRF8_AF2_DBD,,timeout
CHEMBL1488,IRF8_AF2_DBD,-4.09,ok
CHEMBL1428,IRF8_AF2_DBD,,timeout
CHEMBL1515,IRF8_AF2_DBD,-2.715,ok
CHEMBL1489,IRF8_AF2_DBD,-4.917,ok
CHEMBL1436,IRF8_AF2_DBD,,timeout
CHEMBL1515611,IRF8_AF2_DBD,-4.497,ok
CHEMBL1518,IRF8_AF2_DBD,-4.395,ok
CHEMBL1490,IRF8_AF2_DBD,-6.259,ok
CHEMBL1480,IRF8_AF2_DBD,-5.411,ok
CHEMBL1456,IRF8_AF2_DBD,,timeout
CHEMBL1531,IRF8_AF2_DBD,-6.571,ok
CHEMBL146095,IRF8_AF2_DBD,-6.205,ok
CHEMBL1504,IRF8_AF2_DBD,-6.804,ok
CHEMBL1533,IRF8_AF2_DBD,-6.38,ok
CHEMBL1512,IRF8_AF2_DBD,-7.056,ok
CHEMBL1532,IRF8_AF2_DBD,-5.556,ok
CHEMBL1503,IRF8_AF2_DBD,-6.245,ok
CHEMBL1505,IRF8_AF2_DBD,-5.937,ok
CHEMBL154,IRF8_AF2_DBD,-5.85,ok
CHEMBL1495,IRF8_AF2_DBD,-5.584,ok
CHEMBL1502,IRF8_AF2_DBD,-6.002,ok
CHEMBL1546,IRF8_AF2_DBD,-4.353,ok
CHEMBL1501,IRF8_AF2_DBD,-7.668,ok
CHEMBL1574,IRF8_AF2_DBD,-4.239,ok
CHEMBL1542,IRF8_AF2_DBD,-5.589,ok
CHEMBL1560,IRF8_AF2_DBD,-4.304,ok
CHEMBL1568698,IRF8_AF2_DBD,-6.696,ok
CHEMBL1539,IRF8_AF2_DBD,-5.213,ok
CHEMBL1530428,IRF8_AF2_DBD,-6.804,ok
CHEMBL1576,IRF8_AF2_DBD,-4.646,ok
CHEMBL1510,IRF8_AF2_DBD,-6.79,ok
CHEMBL1547,IRF8_AF2_DBD,-5.423,ok
CHEMBL1491,IRF8_AF2_DBD,,timeout
CHEMBL1561,IRF8_AF2_DBD,-4.077,ok
CHEMBL1497,IRF8_AF2_DBD,,timeout
CHEMBL15677,IRF8_AF2_DBD,-6.031,ok
CHEMBL1540,IRF8_AF2_DBD,-5.09,ok
CHEMBL1577,IRF8_AF2_DBD,-5.96,ok
CHEMBL1593719,IRF8_AF2_DBD,-4.708,ok
CHEMBL1590,IRF8_AF2_DBD,-4.273,ok
CHEMBL1513,IRF8_AF2_DBD,,timeout
CHEMBL1524273,IRF8_AF2_DBD,-6.497,ok
CHEMBL1597,IRF8_AF2_DBD,-2.435,ok
CHEMBL1519,IRF8_AF2_DBD,,timeout
CHEMBL1520,IRF8_AF2_DBD,,timeout
CHEMBL1595,IRF8_AF2_DBD,-6.258,ok
CHEMBL1551,IRF8_AF2_DBD,-6.145,ok
CHEMBL15870,IRF8_AF2_DBD,-6.693,ok
CHEMBL16073,IRF8_AF2_DBD,-4.554,ok
CHEMBL16,IRF8_AF2_DBD,-6.15,ok
CHEMBL15770,IRF8_AF2_DBD,-6.264,ok
CHEMBL1615779,IRF8_AF2_DBD,-4.81,ok
CHEMBL1627367,IRF8_AF2_DBD,,ok
CHEMBL1589,IRF8_AF2_DBD,-6.085,ok
CHEMBL1594,IRF8_AF2_DBD,-4.523,ok
CHEMBL1535,IRF8_AF2_DBD,-5.265,ok
CHEMBL1615350,IRF8_AF2_DBD,-5.432,ok
CHEMBL1587,IRF8_AF2_DBD,-6.39,ok
CHEMBL1625,IRF8_AF2_DBD,-6.007,ok
CHEMBL1619,IRF8_AF2_DBD,-5.812,ok
CHEMBL1643895,IRF8_AF2_DBD,-6.645,ok
CHEMBL16476,IRF8_AF2_DBD,-6.024,ok
CHEMBL1643,IRF8_AF2_DBD,-4.865,ok
CHEMBL1604,IRF8_AF2_DBD,-6.125,ok
CHEMBL1681,IRF8_AF2_DBD,-5.217,ok
CHEMBL1581,IRF8_AF2_DBD,-5.62,ok
CHEMBL1580,IRF8_AF2_DBD,,timeout
CHEMBL1583,IRF8_AF2_DBD,,timeout
CHEMBL1584,IRF8_AF2_DBD,,timeout
CHEMBL1621597,IRF8_AF2_DBD,-5.976,ok
CHEMBL170,IRF8_AF2_DBD,,ok
CHEMBL1592,IRF8_AF2_DBD,,timeout
CHEMBL1615438,IRF8_AF2_DBD,-7.16,ok
CHEMBL1697760,IRF8_AF2_DBD,-5.55,ok
CHEMBL1596,IRF8_AF2_DBD,,timeout
CHEMBL1614701,IRF8_AF2_DBD,-6.061,ok
CHEMBL1650,IRF8_AF2_DBD,-6.932,ok
CHEMBL1689063,IRF8_AF2_DBD,-4.982,ok
CHEMBL1599,IRF8_AF2_DBD,,timeout
CHEMBL170988,IRF8_AF2_DBD,-5.454,ok
CHEMBL1697686,IRF8_AF2_DBD,-5.472,ok
CHEMBL17,IRF8_AF2_DBD,-4.94,ok
CHEMBL1650443,IRF8_AF2_DBD,-6.442,ok
CHEMBL1753,IRF8_AF2_DBD,,ok
CHEMBL1740513,IRF8_AF2_DBD,-3.912,ok
CHEMBL1697856,IRF8_AF2_DBD,-5.082,ok
CHEMBL1648,IRF8_AF2_DBD,-5.872,ok
CHEMBL1628502,IRF8_AF2_DBD,-5.73,ok
CHEMBL167731,IRF8_AF2_DBD,-5.021,ok
CHEMBL1621,IRF8_AF2_DBD,-7.651,ok
CHEMBL1684,IRF8_AF2_DBD,-7.188,ok
CHEMBL1738,IRF8_AF2_DBD,-5.78,ok
CHEMBL175,IRF8_AF2_DBD,-5.462,ok
CHEMBL1762,IRF8_AF2_DBD,-4.839,ok
CHEMBL1685,IRF8_AF2_DBD,-4.262,ok
CHEMBL1752,IRF8_AF2_DBD,-5.166,ok
CHEMBL1763,IRF8_AF2_DBD,-6.142,ok
CHEMBL1750,IRF8_AF2_DBD,-5.754,ok
CHEMBL1683,IRF8_AF2_DBD,-5.657,ok
CHEMBL1760,IRF8_AF2_DBD,-5.223,ok
CHEMBL17860,IRF8_AF2_DBD,-5.229,ok
CHEMBL181,IRF8_AF2_DBD,-5.09,ok
CHEMBL1766,IRF8_AF2_DBD,-6.628,ok
CHEMBL185,IRF8_AF2_DBD,-3.98,ok
CHEMBL1727,IRF8_AF2_DBD,-6.024,ok
CHEMBL18,IRF8_AF2_DBD,-5.099,ok
CHEMBL18116,IRF8_AF2_DBD,-5.296,ok
CHEMBL174,IRF8_AF2_DBD,-5.967,ok
CHEMBL1801800,IRF8_AF2_DBD,-5.763,ok
CHEMBL1789941,IRF8_AF2_DBD,-7.121,ok
CHEMBL189,IRF8_AF2_DBD,-5.377,ok
CHEMBL1726,IRF8_AF2_DBD,-5.527,ok
CHEMBL184,IRF8_AF2_DBD,-4.936,ok
CHEMBL190,IRF8_AF2_DBD,-4.533,ok
CHEMBL188952,IRF8_AF2_DBD,-5.336,ok
CHEMBL1865134,IRF8_AF2_DBD,-5.71,ok
CHEMBL19,IRF8_AF2_DBD,-4.551,ok
CHEMBL1738797,IRF8_AF2_DBD,-6.524,ok
CHEMBL182,IRF8_AF2_DBD,-5.251,ok
CHEMBL1908917,IRF8_AF2_DBD,-3.602,ok
CHEMBL1729,IRF8_AF2_DBD,,timeout
CHEMBL175691,IRF8_AF2_DBD,-7.041,ok
CHEMBL1741134,IRF8_AF2_DBD,,timeout
CHEMBL1909283,IRF8_AF2_DBD,-4.393,ok
CHEMBL19019,IRF8_AF2_DBD,-5.855,ok
CHEMBL1773,IRF8_AF2_DBD,-5.53,ok
CHEMBL1909282,IRF8_AF2_DBD,-5.434,ok
CHEMBL1909286,IRF8_AF2_DBD,-4.646,ok
CHEMBL193482,IRF8_AF2_DBD,,ok
CHEMBL1790041,IRF8_AF2_DBD,-5.068,ok
CHEMBL19236,IRF8_AF2_DBD,-5.017,ok
CHEMBL1770248,IRF8_AF2_DBD,,timeout
CHEMBL1770916,IRF8_AF2_DBD,,timeout
CHEMBL1977579,IRF8_AF2_DBD,,ok
CHEMBL1779710,IRF8_AF2_DBD,,timeout
CHEMBL19393,IRF8_AF2_DBD,-4.115,ok
CHEMBL1908370,IRF8_AF2_DBD,-6.198,ok
CHEMBL196,IRF8_AF2_DBD,-3.806,ok
CHEMBL19299,IRF8_AF2_DBD,-5.949,ok
CHEMBL1900528,IRF8_AF2_DBD,-5.962,ok
CHEMBL1983350,IRF8_AF2_DBD,-5.866,ok
CHEMBL1888176,IRF8_AF2_DBD,-6.819,ok
CHEMBL186,IRF8_AF2_DBD,,timeout
CHEMBL1863513,IRF8_AF2_DBD,,timeout
CHEMBL19490,IRF8_AF2_DBD,-5.843,ok
CHEMBL20,IRF8_AF2_DBD,-4.634,ok
CHEMBL1873475,IRF8_AF2_DBD,,timeout
CHEMBL2030434,IRF8_AF2_DBD,-4.096,ok
CHEMBL1909072,IRF8_AF2_DBD,-6.135,ok
CHEMBL1998966,IRF8_AF2_DBD,-6.268,ok
CHEMBL189963,IRF8_AF2_DBD,,timeout
CHEMBL193,IRF8_AF2_DBD,-5.175,ok
CHEMBL2096635,IRF8_AF2_DBD,-2.647,ok
CHEMBL2096648,IRF8_AF2_DBD,-2.657,ok
CHEMBL2042122,IRF8_AF2_DBD,-6.249,ok
CHEMBL2103827,IRF8_AF2_DBD,,ok
CHEMBL2068864,IRF8_AF2_DBD,-4.189,ok
CHEMBL21,IRF8_AF2_DBD,-4.225,ok
CHEMBL2103877,IRF8_AF2_DBD,,ok
CHEMBL207538,IRF8_AF2_DBD,-6.847,ok
CHEMBL2103837,IRF8_AF2_DBD,-6.707,ok
CHEMBL1909289,IRF8_AF2_DBD,,timeout
CHEMBL2,IRF8_AF2_DBD,-6.627,ok
CHEMBL2103822,IRF8_AF2_DBD,-5.648,ok
CHEMBL191,IRF8_AF2_DBD,,timeout
CHEMBL192,IRF8_AF2_DBD,,timeout
CHEMBL197084,IRF8_AF2_DBD,-5.233,ok
CHEMBL2104910,IRF8_AF2_DBD,-5.687,ok
CHEMBL2105275,IRF8_AF2_DBD,-4.155,ok
CHEMBL1929396,IRF8_AF2_DBD,,timeout
CHEMBL2104993,IRF8_AF2_DBD,-6.079,ok
CHEMBL2079130,IRF8_AF2_DBD,-6.049,ok
CHEMBL2105420,IRF8_AF2_DBD,-5.711,ok
CHEMBL198362,IRF8_AF2_DBD,-6.432,ok
CHEMBL2105233,IRF8_AF2_DBD,-4.649,ok
CHEMBL2043437,IRF8_AF2_DBD,-6.186,ok
CHEMBL2105566,IRF8_AF2_DBD,-5.054,ok
CHEMBL2105827,IRF8_AF2_DBD,-3.447,ok
CHEMBL2106794,IRF8_AF2_DBD,-6.075,ok
CHEMBL2028019,IRF8_AF2_DBD,-6.268,ok
CHEMBL2107826,IRF8_AF2_DBD,,ok
CHEMBL2005186,IRF8_AF2_DBD,,timeout
CHEMBL2018096,IRF8_AF2_DBD,,timeout
CHEMBL2106939,IRF8_AF2_DBD,-4.674,ok
CHEMBL2035187,IRF8_AF2_DBD,,timeout
CHEMBL2107797,IRF8_AF2_DBD,-6.872,ok
CHEMBL2105224,IRF8_AF2_DBD,-6.58,ok
CHEMBL204656,IRF8_AF2_DBD,,timeout
CHEMBL2110978,IRF8_AF2_DBD,-3.009,ok
CHEMBL211456,IRF8_AF2_DBD,,ok
CHEMBL2048484,IRF8_AF2_DBD,,timeout
CHEMBL2105762,IRF8_AF2_DBD,-6.916,ok
CHEMBL2105759,IRF8_AF2_DBD,-6.299,ok
CHEMBL2110962,IRF8_AF2_DBD,-4.916,ok
CHEMBL2105720,IRF8_AF2_DBD,-5.678,ok
CHEMBL2103870,IRF8_AF2_DBD,,timeout
CHEMBL2107726,IRF8_AF2_DBD,-5.653,ok
CHEMBL2105637,IRF8_AF2_DBD,-6.173,ok
CHEMBL2107381,IRF8_AF2_DBD,-5.441,ok
CHEMBL218490,IRF8_AF2_DBD,-5.454,ok
CHEMBL21731,IRF8_AF2_DBD,-6.145,ok
CHEMBL2105581,IRF8_AF2_DBD,-6.076,ok
CHEMBL21869,IRF8_AF2_DBD,-5.723,ok
CHEMBL2105497,IRF8_AF2_DBD,,timeout
CHEMBL221722,IRF8_AF2_DBD,-4.318,ok
CHEMBL2105760,IRF8_AF2_DBD,,timeout
CHEMBL2107175,IRF8_AF2_DBD,-4.995,ok
CHEMBL2110731,IRF8_AF2_DBD,-7.502,ok
CHEMBL220492,IRF8_AF2_DBD,-5.636,ok
CHEMBL22,IRF8_AF2_DBD,-5.756,ok
CHEMBL2181927,IRF8_AF2_DBD,-5.651,ok
CHEMBL215303,IRF8_AF2_DBD,-6.633,ok
CHEMBL2111112,IRF8_AF2_DBD,-6.154,ok
CHEMBL235668,IRF8_AF2_DBD,-5.497,ok
CHEMBL2107830,IRF8_AF2_DBD,,timeout
CHEMBL2107834,IRF8_AF2_DBD,,timeout
CHEMBL221959,IRF8_AF2_DBD,-6.336,ok
CHEMBL22242,IRF8_AF2_DBD,-5.399,ok
CHEMBL220491,IRF8_AF2_DBD,-5.334,ok
CHEMBL2111097,IRF8_AF2_DBD,,timeout
CHEMBL2348780,IRF8_AF2_DBD,-6.973,ok
CHEMBL2111101,IRF8_AF2_DBD,,timeout
CHEMBL2147777,IRF8_AF2_DBD,,timeout
CHEMBL2216870,IRF8_AF2_DBD,-6.529,ok
CHEMBL2368925,IRF8_AF2_DBD,-7.174,ok
CHEMBL2218861,IRF8_AF2_DBD,-6.319,ok
CHEMBL248702,IRF8_AF2_DBD,-5.627,ok
CHEMBL24944,IRF8_AF2_DBD,-5.663,ok
CHEMBL231068,IRF8_AF2_DBD,-7.006,ok
CHEMBL254468,IRF8_AF2_DBD,-3.552,ok
CHEMBL25,IRF8_AF2_DBD,-4.284,ok
CHEMBL2338329,IRF8_AF2_DBD,-6.37,ok
CHEMBL245807,IRF8_AF2_DBD,-6.406,ok
CHEMBL24,IRF8_AF2_DBD,-5.823,ok
CHEMBL2220442,IRF8_AF2_DBD,,timeout
CHEMBL256087,IRF8_AF2_DBD,-4.196,ok
CHEMBL2403238,IRF8_AF2_DBD,-6.752,ok
CHEMBL2364608,IRF8_AF2_DBD,-7.161,ok
CHEMBL240597,IRF8_AF2_DBD,-6.097,ok
CHEMBL267936,IRF8_AF2_DBD,-4.069,ok
CHEMBL231779,IRF8_AF2_DBD,,timeout
CHEMBL267894,IRF8_AF2_DBD,-5.035,ok
CHEMBL256997,IRF8_AF2_DBD,-6.767,ok
CHEMBL269644,IRF8_AF2_DBD,-4.077,ok
CHEMBL25202,IRF8_AF2_DBD,-6.268,ok
CHEMBL243712,IRF8_AF2_DBD,-5.7,ok
CHEMBL268164,IRF8_AF2_DBD,-5.616,ok
CHEMBL259571,IRF8_AF2_DBD,-5.783,ok
CHEMBL259209,IRF8_AF2_DBD,-4.783,ok
CHEMBL2364639,IRF8_AF2_DBD,,timeout
CHEMBL276832,IRF8_AF2_DBD,-5.199,ok
CHEMBL2443262,IRF8_AF2_DBD,-5.94,ok
CHEMBL237500,IRF8_AF2_DBD,,timeout
CHEMBL273575,IRF8_AF2_DBD,-6.249,ok
CHEMBL2396661,IRF8_AF2_DBD,,timeout
CHEMBL284348,IRF8_AF2_DBD,-3.177,ok
CHEMBL267744,IRF8_AF2_DBD,-5.8,ok
CHEMBL268869,IRF8_AF2_DBD,-5.952,ok
CHEMBL276520,IRF8_AF2_DBD,-6.026,ok
CHEMBL255044,IRF8_AF2_DBD,-5.917,ok
CHEMBL289480,IRF8_AF2_DBD,-4.223,ok
CHEMBL24828,IRF8_AF2_DBD,-6.688,ok
CHEMBL259972,IRF8_AF2_DBD,-5.972,ok
CHEMBL301265,IRF8_AF2_DBD,-4.66,ok
CHEMBL289469,IRF8_AF2_DBD,-6.719,ok
CHEMBL27,IRF8_AF2_DBD,-5.748,ok
CHEMBL278819,IRF8_AF2_DBD,-5.901,ok
CHEMBL30,IRF8_AF2_DBD,-5.023,ok
CHEMBL252556,IRF8_AF2_DBD,,timeout
CHEMBL254316,IRF8_AF2_DBD,,timeout
CHEMBL306700,IRF8_AF2_DBD,-5.148,ok
CHEMBL29,IRF8_AF2_DBD,-6.367,ok
CHEMBL277100,IRF8_AF2_DBD,-6.157,ok
CHEMBL267495,IRF8_AF2_DBD,,timeout
CHEMBL311498,IRF8_AF2_DBD,-6.037,ok
CHEMBL3112741,IRF8_AF2_DBD,-6.134,ok
CHEMBL31,IRF8_AF2_DBD,-5.564,ok
CHEMBL3039520,IRF8_AF2_DBD,-7.118,ok
CHEMBL3137308,IRF8_AF2_DBD,-6.195,ok
CHEMBL3137320,IRF8_AF2_DBD,-7.111,ok
CHEMBL270190,IRF8_AF2_DBD,,timeout
CHEMBL3039502,IRF8_AF2_DBD,-6.783,ok
CHEMBL27193,IRF8_AF2_DBD,,timeout
CHEMBL282724,IRF8_AF2_DBD,-5.954,ok
CHEMBL294199,IRF8_AF2_DBD,-5.738,ok
CHEMBL3237547,IRF8_AF2_DBD,-5.216,ok
CHEMBL3039507,IRF8_AF2_DBD,,timeout
CHEMBL313972,IRF8_AF2_DBD,-5.183,ok
CHEMBL315838,IRF8_AF2_DBD,-6.116,ok
CHEMBL33,IRF8_AF2_DBD,-6.276,ok
CHEMBL338802,IRF8_AF2_DBD,-5.239,ok
CHEMBL316157,IRF8_AF2_DBD,-5.937,ok
CHEMBL32,IRF8_AF2_DBD,-5.727,ok
CHEMBL3137312,IRF8_AF2_DBD,,timeout
CHEMBL354077,IRF8_AF2_DBD,-3.338,ok
CHEMBL341812,IRF8_AF2_DBD,-5.196,ok
CHEMBL33986,IRF8_AF2_DBD,-6.618,ok
CHEMBL316561,IRF8_AF2_DBD,-5.607,ok
CHEMBL314854,IRF8_AF2_DBD,,timeout
CHEMBL348000,IRF8_AF2_DBD,-6.314,ok
CHEMBL340978,IRF8_AF2_DBD,-6.407,ok
CHEMBL3400972,IRF8_AF2_DBD,-5.112,ok
CHEMBL3183075,IRF8_AF2_DBD,-4.823,ok
CHEMBL3304486,IRF8_AF2_DBD,-5.414,ok
CHEMBL3261331,IRF8_AF2_DBD,-7.276,ok
CHEMBL3183409,IRF8_AF2_DBD,-6.675,ok
CHEMBL317094,IRF8_AF2_DBD,,timeout
CHEMBL3187723,IRF8_AF2_DBD,-6.246,ok
CHEMBL3545253,IRF8_AF2_DBD,-6.407,ok
CHEMBL32800,IRF8_AF2_DBD,-5.922,ok
CHEMBL3546271,IRF8_AF2_DBD,-6.881,ok
CHEMBL3188267,IRF8_AF2_DBD,-7.23,ok
CHEMBL36,IRF8_AF2_DBD,-5.026,ok
CHEMBL3301607,IRF8_AF2_DBD,-6.349,ok
CHEMBL35,IRF8_AF2_DBD,-6.132,ok
CHEMBL3547132,IRF8_AF2_DBD,-5.173,ok
CHEMBL360328,IRF8_AF2_DBD,-3.875,ok
CHEMBL3353410,IRF8_AF2_DBD,,timeout
CHEMBL3590187,IRF8_AF2_DBD,-6.249,ok
CHEMBL363295,IRF8_AF2_DBD,-5.567,ok
CHEMBL3646221,IRF8_AF2_DBD,-6.136,ok
CHEMBL374731,IRF8_AF2_DBD,-5.313,ok
CHEMBL3655081,IRF8_AF2_DBD,-5.257,ok
CHEMBL3622821,IRF8_AF2_DBD,-6.46,ok
CHEMBL3544988,IRF8_AF2_DBD,-6.69,ok
CHEMBL3545110,IRF8_AF2_DBD,,timeout
CHEMBL3545185,IRF8_AF2_DBD,,timeout
CHEMBL361812,IRF8_AF2_DBD,-6.307,ok
CHEMBL3545367,IRF8_AF2_DBD,,timeout
CHEMBL3545376,IRF8_AF2_DBD,,timeout
CHEMBL384467,IRF8_AF2_DBD,-6.808,ok
CHEMBL385517,IRF8_AF2_DBD,-6.747,ok
CHEMBL376359,IRF8_AF2_DBD,-6.068,ok
CHEMBL395091,IRF8_AF2_DBD,-5.341,ok
CHEMBL376897,IRF8_AF2_DBD,-6.055,ok
CHEMBL361497,IRF8_AF2_DBD,,timeout
CHEMBL39736,IRF8_AF2_DBD,-4.217,ok
CHEMBL398707,IRF8_AF2_DBD,-6.024,ok
CHEMBL3716057,IRF8_AF2_DBD,-5.519,ok
CHEMBL3643413,IRF8_AF2_DBD,,timeout
CHEMBL403,IRF8_AF2_DBD,-4.615,ok
CHEMBL3701238,IRF8_AF2_DBD,,timeout
CHEMBL40,IRF8_AF2_DBD,-5.99,ok
CHEMBL405,IRF8_AF2_DBD,-4.122,ok
CHEMBL3707224,IRF8_AF2_DBD,,timeout
CHEMBL3989949,IRF8_AF2_DBD,-5.599,ok
CHEMBL3707247,IRF8_AF2_DBD,,timeout
CHEMBL3707348,IRF8_AF2_DBD,,timeout
CHEMBL3940890,IRF8_AF2_DBD,-5.99,ok
CHEMBL404,IRF8_AF2_DBD,-5.069,ok
CHEMBL4,IRF8_AF2_DBD,-5.961,ok
CHEMBL396778,IRF8_AF2_DBD,-6.102,ok
CHEMBL3889654,IRF8_AF2_DBD,-6.876,ok
CHEMBL404108,IRF8_AF2_DBD,-6.467,ok
CHEMBL3894860,IRF8_AF2_DBD,-7.028,ok
CHEMBL406,IRF8_AF2_DBD,-6.374,ok
CHEMBL3990047,IRF8_AF2_DBD,-6.545,ok
CHEMBL4085457,IRF8_AF2_DBD,-5.797,ok
CHEMBL419,IRF8_AF2_DBD,-4.53,ok
CHEMBL3989866,IRF8_AF2_DBD,-7.225,ok
CHEMBL408513,IRF8_AF2_DBD,-6.595,ok
CHEMBL420,IRF8_AF2_DBD,-5.136,ok
CHEMBL411,IRF8_AF2_DBD,-5.627,ok
CHEMBL3936761,IRF8_AF2_DBD,,timeout
CHEMBL41,IRF8_AF2_DBD,-6.312,ok
CHEMBL406393,IRF8_AF2_DBD,-6.064,ok
CHEMBL3989908,IRF8_AF2_DBD,,timeout
CHEMBL41355,IRF8_AF2_DBD,-6.076,ok
CHEMBL416956,IRF8_AF2_DBD,-7.34,ok
CHEMBL400599,IRF8_AF2_DBD,,timeout
CHEMBL4105630,IRF8_AF2_DBD,-7.443,ok
CHEMBL4101807,IRF8_AF2_DBD,-6.174,ok
CHEMBL4066936,IRF8_AF2_DBD,,timeout
CHEMBL426084,IRF8_AF2_DBD,-6.437,ok
CHEMBL4071161,IRF8_AF2_DBD,,timeout
CHEMBL425,IRF8_AF2_DBD,-6.257,ok
CHEMBL408,IRF8_AF2_DBD,,timeout
CHEMBL409,IRF8_AF2_DBD,,timeout
CHEMBL4297517,IRF8_AF2_DBD,-6.042,ok
CHEMBL426559,IRF8_AF2_DBD,-6.004,ok
CHEMBL4297620,IRF8_AF2_DBD,-4.921,ok
CHEMBL4298137,IRF8_AF2_DBD,-4.937,ok
CHEMBL418995,IRF8_AF2_DBD,,timeout
CHEMBL4279047,IRF8_AF2_DBD,-6.09,ok
CHEMBL428,IRF8_AF2_DBD,-6.403,ok
CHEMBL4297528,IRF8_AF2_DBD,-7.687,ok
CHEMBL4204794,IRF8_AF2_DBD,,timeout
CHEMBL4208229,IRF8_AF2_DBD,-6.425,ok
CHEMBL4297610,IRF8_AF2_DBD,-6.124,ok
CHEMBL423,IRF8_AF2_DBD,-5.378,ok
CHEMBL435,IRF8_AF2_DBD,-5.796,ok
CHEMBL434,IRF8_AF2_DBD,-5.08,ok
CHEMBL43452,IRF8_AF2_DBD,-6.578,ok
CHEMBL428880,IRF8_AF2_DBD,,timeout
CHEMBL435298,IRF8_AF2_DBD,-5.955,ok
CHEMBL437,IRF8_AF2_DBD,-5.082,ok
CHEMBL429,IRF8_AF2_DBD,,timeout
CHEMBL4297185,IRF8_AF2_DBD,-6.736,ok
CHEMBL438,IRF8_AF2_DBD,-6.089,ok
CHEMBL43,IRF8_AF2_DBD,-7.047,ok
CHEMBL4297522,IRF8_AF2_DBD,,timeout
CHEMBL441,IRF8_AF2_DBD,-4.539,ok
CHEMBL4297590,IRF8_AF2_DBD,,timeout
CHEMBL440,IRF8_AF2_DBD,-4.432,ok
CHEMBL430,IRF8_AF2_DBD,-6.608,ok
CHEMBL439,IRF8_AF2_DBD,-5.409,ok
CHEMBL443,IRF8_AF2_DBD,-5.522,ok
CHEMBL450,IRF8_AF2_DBD,-4.434,ok
CHEMBL449,IRF8_AF2_DBD,-4.602,ok
CHEMBL448,IRF8_AF2_DBD,-4.804,ok
CHEMBL4303214,IRF8_AF2_DBD,-6.174,ok
CHEMBL446,IRF8_AF2_DBD,-6.145,ok
CHEMBL447,IRF8_AF2_DBD,-5.004,ok
CHEMBL4298138,IRF8_AF2_DBD,,timeout
CHEMBL429910,IRF8_AF2_DBD,,timeout
CHEMBL4594246,IRF8_AF2_DBD,,ok
CHEMBL436,IRF8_AF2_DBD,-5.87,ok
CHEMBL4594261,IRF8_AF2_DBD,,ok
CHEMBL4299940,IRF8_AF2_DBD,,timeout
CHEMBL45,IRF8_AF2_DBD,-5.591,ok
CHEMBL455,IRF8_AF2_DBD,-4.66,ok
CHEMBL454,IRF8_AF2_DBD,-4.582,ok
CHEMBL453,IRF8_AF2_DBD,-5.883,ok
CHEMBL431,IRF8_AF2_DBD,,timeout
CHEMBL44884,IRF8_AF2_DBD,-4.059,ok
CHEMBL462547,IRF8_AF2_DBD,-3.03,ok
CHEMBL459,IRF8_AF2_DBD,-5.128,ok
CHEMBL457,IRF8_AF2_DBD,-5.743,ok
CHEMBL467,IRF8_AF2_DBD,-3.365,ok
CHEMBL456,IRF8_AF2_DBD,-5.581,ok
CHEMBL434394,IRF8_AF2_DBD,,timeout
CHEMBL460,IRF8_AF2_DBD,-5.595,ok
CHEMBL455186,IRF8_AF2_DBD,-3.959,ok
CHEMBL468,IRF8_AF2_DBD,-6.265,ok
CHEMBL463,IRF8_AF2_DBD,-4.812,ok
CHEMBL4585668,IRF8_AF2_DBD,-6.706,ok
CHEMBL46917,IRF8_AF2_DBD,-5.6,ok
CHEMBL439849,IRF8_AF2_DBD,,timeout
CHEMBL451,IRF8_AF2_DBD,-5.149,ok
CHEMBL461522,IRF8_AF2_DBD,-5.845,ok
CHEMBL469,IRF8_AF2_DBD,-6.164,ok
CHEMBL476,IRF8_AF2_DBD,-4.081,ok
CHEMBL4435170,IRF8_AF2_DBD,,timeout
CHEMBL445,IRF8_AF2_DBD,,timeout
CHEMBL471,IRF8_AF2_DBD,-4.998,ok
CHEMBL485,IRF8_AF2_DBD,-6.095,ok
CHEMBL452,IRF8_AF2_DBD,,timeout
CHEMBL477,IRF8_AF2_DBD,-5.393,ok
CHEMBL488,IRF8_AF2_DBD,-5.659,ok
CHEMBL485696,IRF8_AF2_DBD,-6.083,ok
CHEMBL4594250,IRF8_AF2_DBD,,timeout
CHEMBL4594287,IRF8_AF2_DBD,,timeout
CHEMBL468837,IRF8_AF2_DBD,-4.328,ok
CHEMBL473417,IRF8_AF2_DBD,-6.903,ok
CHEMBL4594448,IRF8_AF2_DBD,,timeout
CHEMBL4596392,IRF8_AF2_DBD,,timeout
CHEMBL461101,IRF8_AF2_DBD,,timeout
CHEMBL498847,IRF8_AF2_DBD,-4.178,ok
CHEMBL5,IRF8_AF2_DBD,-5.177,ok
CHEMBL498,IRF8_AF2_DBD,-5.022,ok
CHEMBL494753,IRF8_AF2_DBD,-6.859,ok
CHEMBL503565,IRF8_AF2_DBD,-5.095,ok
CHEMBL490,IRF8_AF2_DBD,-6.716,ok
CHEMBL480,IRF8_AF2_DBD,-6.155,ok
CHEMBL4650215,IRF8_AF2_DBD,,timeout
CHEMBL492,IRF8_AF2_DBD,-5.126,ok
CHEMBL513,IRF8_AF2_DBD,-3.742,ok
CHEMBL472,IRF8_AF2_DBD,,timeout
CHEMBL500,IRF8_AF2_DBD,-5.743,ok
CHEMBL514,IRF8_AF2_DBD,-4.803,ok
CHEMBL487253,IRF8_AF2_DBD,-5.201,ok
CHEMBL509,IRF8_AF2_DBD,-5.854,ok
CHEMBL477772,IRF8_AF2_DBD,,timeout
CHEMBL506,IRF8_AF2_DBD,-5.102,ok
CHEMBL499,IRF8_AF2_DBD,-5.016,ok
CHEMBL4802135,IRF8_AF2_DBD,,timeout
CHEMBL483254,IRF8_AF2_DBD,,timeout
CHEMBL521,IRF8_AF2_DBD,-5.35,ok
CHEMBL526,IRF8_AF2_DBD,-4.598,ok
CHEMBL524,IRF8_AF2_DBD,-4.922,ok
CHEMBL488093,IRF8_AF2_DBD,,timeout
CHEMBL53,IRF8_AF2_DBD,-6.568,ok
CHEMBL517712,IRF8_AF2_DBD,-5.87,ok
CHEMBL515,IRF8_AF2_DBD,-4.902,ok
CHEMBL494,IRF8_AF2_DBD,,timeout
CHEMBL515408,IRF8_AF2_DBD,-5.537,ok
CHEMBL515387,IRF8_AF2_DBD,-6.225,ok
CHEMBL53418,IRF8_AF2_DBD,-5.607,ok
CHEMBL537,IRF8_AF2_DBD,-3.847,ok
CHEMBL527,IRF8_AF2_DBD,-6.264,ok
CHEMBL539,IRF8_AF2_DBD,-2.601,ok
CHEMBL545,IRF8_AF2_DBD,-2.122,ok
CHEMBL544,IRF8_AF2_DBD,-3.918,ok
CHEMBL531,IRF8_AF2_DBD,-5.675,ok
CHEMBL503,IRF8_AF2_DBD,,timeout
CHEMBL53292,IRF8_AF2_DBD,-6.241,ok
CHEMBL517,IRF8_AF2_DBD,-5.621,ok
CHEMBL50588,IRF8_AF2_DBD,,timeout
CHEMBL54976,IRF8_AF2_DBD,-5.462,ok
CHEMBL521606,IRF8_AF2_DBD,-5.903,ok
CHEMBL524004,IRF8_AF2_DBD,-6.233,ok
CHEMBL512351,IRF8_AF2_DBD,,timeout
CHEMBL558,IRF8_AF2_DBD,-4.592,ok
CHEMBL56021,IRF8_AF2_DBD,-4.072,ok
CHEMBL514800,IRF8_AF2_DBD,,timeout
CHEMBL528,IRF8_AF2_DBD,-5.947,ok
CHEMBL557555,IRF8_AF2_DBD,-5.224,ok
CHEMBL518924,IRF8_AF2_DBD,-6.415,ok
CHEMBL563,IRF8_AF2_DBD,-6.182,ok
CHEMBL521686,IRF8_AF2_DBD,-6.925,ok
CHEMBL57,IRF8_AF2_DBD,-6.689,ok
CHEMBL573,IRF8_AF2_DBD,-3.986,ok
CHEMBL561,IRF8_AF2_DBD,-6.21,ok
CHEMBL546,IRF8_AF2_DBD,-5.273,ok
CHEMBL56337,IRF8_AF2_DBD,-5.255,ok
CHEMBL572,IRF8_AF2_DBD,-5.352,ok
CHEMBL56367,IRF8_AF2_DBD,-5.84,ok
CHEMBL582,IRF8_AF2_DBD,-2.517,ok
CHEMBL569,IRF8_AF2_DBD,-4.872,ok
CHEMBL571,IRF8_AF2_DBD,-6.251,ok
CHEMBL578767,IRF8_AF2_DBD,-5.635,ok
CHEMBL576127,IRF8_AF2_DBD,-6.688,ok
CHEMBL569713,IRF8_AF2_DBD,-6.011,ok
CHEMBL579205,IRF8_AF2_DBD,-6.31,ok
CHEMBL530,IRF8_AF2_DBD,,timeout
CHEMBL54,IRF8_AF2_DBD,-6.498,ok
CHEMBL550348,IRF8_AF2_DBD,-7.098,ok
CHEMBL589586,IRF8_AF2_DBD,-3.809,ok
CHEMBL591,IRF8_AF2_DBD,-3.85,ok
CHEMBL535,IRF8_AF2_DBD,,timeout
CHEMBL59,IRF8_AF2_DBD,-4.404,ok
CHEMBL585,IRF8_AF2_DBD,-6.293,ok
CHEMBL55,IRF8_AF2_DBD,,timeout
CHEMBL575,IRF8_AF2_DBD,-5.796,ok
CHEMBL58323,IRF8_AF2_DBD,-5.382,ok
CHEMBL553,IRF8_AF2_DBD,,timeout
CHEMBL602,IRF8_AF2_DBD,-2.053,ok
CHEMBL583,IRF8_AF2_DBD,-6.031,ok
CHEMBL600,IRF8_AF2_DBD,-3.466,ok
CHEMBL568,IRF8_AF2_DBD,-5.016,ok
CHEMBL601,IRF8_AF2_DBD,-3.718,ok
CHEMBL567,IRF8_AF2_DBD,-5.985,ok
CHEMBL589,IRF8_AF2_DBD,-5.48,ok
CHEMBL599,IRF8_AF2_DBD,-5.954,ok
CHEMBL614,IRF8_AF2_DBD,-3.719,ok
CHEMBL61006,IRF8_AF2_DBD,-4.225,ok
CHEMBL612,IRF8_AF2_DBD,-4.096,ok
CHEMBL597,IRF8_AF2_DBD,-6.225,ok
CHEMBL607400,IRF8_AF2_DBD,-4.682,ok
CHEMBL609,IRF8_AF2_DBD,-3.295,ok
CHEMBL625,IRF8_AF2_DBD,-5.158,ok
CHEMBL607710,IRF8_AF2_DBD,-5.323,ok
CHEMBL571546,IRF8_AF2_DBD,,timeout
CHEMBL6,IRF8_AF2_DBD,-6.031,ok
CHEMBL638,IRF8_AF2_DBD,,ok
CHEMBL580,IRF8_AF2_DBD,-5.092,ok
CHEMBL61593,IRF8_AF2_DBD,-7.132,ok
CHEMBL577,IRF8_AF2_DBD,,timeout
CHEMBL64,IRF8_AF2_DBD,-4.415,ok
CHEMBL578,IRF8_AF2_DBD,,timeout
CHEMBL622,IRF8_AF2_DBD,-5.893,ok
CHEMBL61,IRF8_AF2_DBD,-6.24,ok
CHEMBL62193,IRF8_AF2_DBD,-5.779,ok
CHEMBL611,IRF8_AF2_DBD,-6.109,ok
CHEMBL659,IRF8_AF2_DBD,,ok
CHEMBL635,IRF8_AF2_DBD,-7.572,ok
CHEMBL595,IRF8_AF2_DBD,-6.252,ok
CHEMBL677,IRF8_AF2_DBD,,ok
CHEMBL588,IRF8_AF2_DBD,,timeout
CHEMBL647,IRF8_AF2_DBD,-4.566,ok
CHEMBL660,IRF8_AF2_DBD,-4.427,ok
CHEMBL637,IRF8_AF2_DBD,-5.386,ok
CHEMBL632,IRF8_AF2_DBD,-6.245,ok
CHEMBL615,IRF8_AF2_DBD,-5.986,ok
CHEMBL620,IRF8_AF2_DBD,-6.702,ok
CHEMBL656,IRF8_AF2_DBD,-6.779,ok
CHEMBL696,IRF8_AF2_DBD,-4.209,ok
CHEMBL593,IRF8_AF2_DBD,,timeout
CHEMBL640,IRF8_AF2_DBD,-5.034,ok
CHEMBL63857,IRF8_AF2_DBD,-6.517,ok
CHEMBL692,IRF8_AF2_DBD,-3.228,ok
CHEMBL641,IRF8_AF2_DBD,-5.555,ok
CHEMBL691,IRF8_AF2_DBD,-6.618,ok
CHEMBL679,IRF8_AF2_DBD,-4.616,ok
CHEMBL617,IRF8_AF2_DBD,-5.792,ok
CHEMBL668,IRF8_AF2_DBD,-5.927,ok
CHEMBL70,IRF8_AF2_DBD,-6.14,ok
CHEMBL686,IRF8_AF2_DBD,-6.057,ok
CHEMBL70927,IRF8_AF2_DBD,-4.257,ok
CHEMBL704,IRF8_AF2_DBD,-4.555,ok
CHEMBL605846,IRF8_AF2_DBD,,timeout
CHEMBL71595,IRF8_AF2_DBD,-2.028,ok
CHEMBL685,IRF8_AF2_DBD,-6.34,ok
CHEMBL701,IRF8_AF2_DBD,-4.97,ok
CHEMBL700,IRF8_AF2_DBD,-5.481,ok
CHEMBL720,IRF8_AF2_DBD,-3.904,ok
CHEMBL727,IRF8_AF2_DBD,-4.064,ok
CHEMBL734,IRF8_AF2_DBD,-3.27,ok
CHEMBL680,IRF8_AF2_DBD,-5.893,ok
CHEMBL70046,IRF8_AF2_DBD,-5.157,ok
CHEMBL698,IRF8_AF2_DBD,-5.049,ok
CHEMBL6995,IRF8_AF2_DBD,-5.468,ok
CHEMBL710,IRF8_AF2_DBD,-6.486,ok
CHEMBL631,IRF8_AF2_DBD,,timeout
CHEMBL713,IRF8_AF2_DBD,-6.0,ok
CHEMBL714,IRF8_AF2_DBD,-5.165,ok
CHEMBL742,IRF8_AF2_DBD,-5.526,ok
CHEMBL741,IRF8_AF2_DBD,-5.416,ok
CHEMBL744,IRF8_AF2_DBD,-5.145,ok
CHEMBL760,IRF8_AF2_DBD,-5.643,ok
CHEMBL750,IRF8_AF2_DBD,-5.299,ok
CHEMBL642,IRF8_AF2_DBD,-5.122,ok
CHEMBL7413,IRF8_AF2_DBD,-5.32,ok
CHEMBL645,IRF8_AF2_DBD,,timeout
CHEMBL761,IRF8_AF2_DBD,-6.05,ok
CHEMBL771,IRF8_AF2_DBD,-3.806,ok
CHEMBL770,IRF8_AF2_DBD,-4.536,ok
CHEMBL773,IRF8_AF2_DBD,-3.148,ok
CHEMBL716,IRF8_AF2_DBD,-6.549,ok
CHEMBL652,IRF8_AF2_DBD,,timeout
CHEMBL75435,IRF8_AF2_DBD,-6.104,ok
CHEMBL7728,IRF8_AF2_DBD,-5.451,ok
CHEMBL762,IRF8_AF2_DBD,-5.619,ok
CHEMBL777,IRF8_AF2_DBD,-4.902,ok
CHEMBL778,IRF8_AF2_DBD,-5.375,ok
CHEMBL708,IRF8_AF2_DBD,-7.086,ok
CHEMBL7863,IRF8_AF2_DBD,-4.431,ok
CHEMBL707,IRF8_AF2_DBD,-7.222,ok
CHEMBL781,IRF8_AF2_DBD,-6.096,ok
CHEMBL776,IRF8_AF2_DBD,-5.021,ok
CHEMBL746,IRF8_AF2_DBD,-6.042,ok
CHEMBL70972,IRF8_AF2_DBD,-5.907,ok
CHEMBL709,IRF8_AF2_DBD,,timeout
CHEMBL796,IRF8_AF2_DBD,-5.268,ok
CHEMBL788,IRF8_AF2_DBD,-5.005,ok
CHEMBL782,IRF8_AF2_DBD,-5.779,ok
CHEMBL807,IRF8_AF2_DBD,-4.743,ok
CHEMBL779,IRF8_AF2_DBD,-7.07,ok
CHEMBL79,IRF8_AF2_DBD,-4.995,ok
CHEMBL76370,IRF8_AF2_DBD,-5.737,ok
CHEMBL76,IRF8_AF2_DBD,-5.306,ok
CHEMBL827,IRF8_AF2_DBD,,ok
CHEMBL802,IRF8_AF2_DBD,-4.961,ok
CHEMBL821,IRF8_AF2_DBD,-2.863,ok
CHEMBL72,IRF8_AF2_DBD,,timeout
CHEMBL810,IRF8_AF2_DBD,-4.68,ok
CHEMBL723,IRF8_AF2_DBD,,timeout
CHEMBL726,IRF8_AF2_DBD,,timeout
CHEMBL818,IRF8_AF2_DBD,-4.813,ok
CHEMBL80,IRF8_AF2_DBD,-6.155,ok
CHEMBL806,IRF8_AF2_DBD,-6.065,ok
CHEMBL803,IRF8_AF2_DBD,-5.059,ok
CHEMBL8,IRF8_AF2_DBD,-6.343,ok
CHEMBL844,IRF8_AF2_DBD,-5.622,ok
CHEMBL783,IRF8_AF2_DBD,-5.652,ok
CHEMBL842,IRF8_AF2_DBD,-5.602,ok
CHEMBL768,IRF8_AF2_DBD,-4.931,ok
CHEMBL765,IRF8_AF2_DBD,-3.231,ok
CHEMBL830,IRF8_AF2_DBD,-3.709,ok
CHEMBL848,IRF8_AF2_DBD,-6.821,ok
CHEMBL826,IRF8_AF2_DBD,-6.506,ok
CHEMBL856,IRF8_AF2_DBD,-5.168,ok
CHEMBL861,IRF8_AF2_DBD,-5.392,ok
CHEMBL853,IRF8_AF2_DBD,-5.0,ok
CHEMBL862,IRF8_AF2_DBD,-5.51,ok
CHEMBL863,IRF8_AF2_DBD,-3.125,ok
CHEMBL847,IRF8_AF2_DBD,-5.604,ok
CHEMBL857,IRF8_AF2_DBD,-4.964,ok
CHEMBL839,IRF8_AF2_DBD,-5.857,ok
CHEMBL877,IRF8_AF2_DBD,-4.023,ok
CHEMBL84,IRF8_AF2_DBD,-6.444,ok
CHEMBL86304,IRF8_AF2_DBD,-5.584,ok
CHEMBL869,IRF8_AF2_DBD,-4.845,ok
CHEMBL87493,IRF8_AF2_DBD,-5.635,ok
CHEMBL819,IRF8_AF2_DBD,-6.496,ok
CHEMBL83063,IRF8_AF2_DBD,-5.612,ok
CHEMBL887,IRF8_AF2_DBD,-5.315,ok
CHEMBL814,IRF8_AF2_DBD,-5.131,ok
CHEMBL865,IRF8_AF2_DBD,-6.13,ok
CHEMBL852,IRF8_AF2_DBD,-4.736,ok
CHEMBL88,IRF8_AF2_DBD,-4.035,ok
CHEMBL86,IRF8_AF2_DBD,-4.929,ok
CHEMBL850,IRF8_AF2_DBD,-6.075,ok
CHEMBL885,IRF8_AF2_DBD,-5.087,ok
CHEMBL86715,IRF8_AF2_DBD,-5.834,ok
CHEMBL878,IRF8_AF2_DBD,-6.319,ok
CHEMBL90,IRF8_AF2_DBD,-3.664,ok
CHEMBL799,IRF8_AF2_DBD,,timeout
CHEMBL888,IRF8_AF2_DBD,-5.053,ok
CHEMBL89598,IRF8_AF2_DBD,-3.746,ok
CHEMBL894,IRF8_AF2_DBD,-5.046,ok
CHEMBL866,IRF8_AF2_DBD,-5.875,ok
CHEMBL918,IRF8_AF2_DBD,-5.06,ok
CHEMBL898,IRF8_AF2_DBD,-6.086,ok
CHEMBL817,IRF8_AF2_DBD,,timeout
CHEMBL838,IRF8_AF2_DBD,,timeout
CHEMBL917,IRF8_AF2_DBD,-5.357,ok
CHEMBL9,IRF8_AF2_DBD,-6.125,ok
CHEMBL925,IRF8_AF2_DBD,-4.816,ok
CHEMBL895,IRF8_AF2_DBD,-6.236,ok
CHEMBL93,IRF8_AF2_DBD,-5.697,ok
CHEMBL930,IRF8_AF2_DBD,-3.753,ok
CHEMBL897,IRF8_AF2_DBD,-5.216,ok
CHEMBL905,IRF8_AF2_DBD,-5.679,ok
CHEMBL940,IRF8_AF2_DBD,-4.12,ok
CHEMBL95,IRF8_AF2_DBD,-5.407,ok
CHEMBL95889,IRF8_AF2_DBD,-3.128,ok
CHEMBL9225,IRF8_AF2_DBD,-5.738,ok
CHEMBL959,IRF8_AF2_DBD,-4.501,ok
CHEMBL94081,IRF8_AF2_DBD,-4.89,ok
CHEMBL945,IRF8_AF2_DBD,-4.877,ok
CHEMBL880,IRF8_AF2_DBD,-5.608,ok
CHEMBL965,IRF8_AF2_DBD,-3.313,ok
CHEMBL94394,IRF8_AF2_DBD,-5.091,ok
CHEMBL891,IRF8_AF2_DBD,-6.474,ok
CHEMBL963,IRF8_AF2_DBD,-5.952,ok
CHEMBL960,IRF8_AF2_DBD,-6.437,ok
CHEMBL956,IRF8_AF2_DBD,-5.742,ok
CHEMBL985,IRF8_AF2_DBD,-2.63,ok
CHEMBL902,IRF8_AF2_DBD,-5.402,ok
CHEMBL893,IRF8_AF2_DBD,-6.353,ok
CHEMBL936,IRF8_AF2_DBD,-6.56,ok
CHEMBL973,IRF8_AF2_DBD,-6.322,ok
CHEMBL87992,IRF8_AF2_DBD,,timeout
CHEMBL991,IRF8_AF2_DBD,-5.372,ok
CHEMBL953,IRF8_AF2_DBD,-5.457,ok
CHEMBL979,IRF8_AF2_DBD,-4.325,ok
CHEMBL980,IRF8_AF2_DBD,-4.732,ok
CHEMBL926,IRF8_AF2_DBD,-5.408,ok
CHEMBL896,IRF8_AF2_DBD,-5.378,ok
CHEMBL982,IRF8_AF2_DBD,-5.918,ok
CHEMBL99946,IRF8_AF2_DBD,-4.77,ok
CHEMBL981,IRF8_AF2_DBD,-6.038,ok
CHEMBL100116,IKZF1_8RQC,-5.041,ok
CHEMBL989,IRF8_AF2_DBD,-6.808,ok
CHEMBL1009,IKZF1_8RQC,-4.89,ok
CHEMBL98,IRF8_AF2_DBD,-5.531,ok
CHEMBL1024,IKZF1_8RQC,-3.856,ok
CHEMBL939,IRF8_AF2_DBD,,timeout
CHEMBL1037,IKZF1_8RQC,-5.935,ok
CHEMBL1020,IKZF1_8RQC,-5.27,ok
CHEMBL1006,IKZF1_8RQC,-4.3,ok
CHEMBL1029,IKZF1_8RQC,-4.59,ok
CHEMBL1002,IKZF1_8RQC,-4.674,ok
CHEMBL941,IRF8_AF2_DBD,,timeout
CHEMBL1046,IKZF1_8RQC,-4.556,ok
CHEMBL94454,IRF8_AF2_DBD,,timeout
CHEMBL1018,IKZF1_8RQC,-4.442,ok
CHEMBL1043,IKZF1_8RQC,-4.561,ok
CHEMBL106258,IKZF1_8RQC,-4.61,ok
CHEMBL1021,IKZF1_8RQC,-5.466,ok
CHEMBL1057,IKZF1_8RQC,-5.563,ok
CHEMBL967,IRF8_AF2_DBD,-5.073,ok
CHEMBL1059,IKZF1_8RQC,-4.553,ok
CHEMBL1054,IKZF1_8RQC,-4.716,ok
CHEMBL1076903,IKZF1_8RQC,-4.844,ok
CHEMBL108,IKZF1_8RQC,-5.137,ok
CHEMBL996,IRF8_AF2_DBD,,timeout
CHEMBL1079,IKZF1_8RQC,-4.601,ok
CHEMBL1013,IKZF1_8RQC,-5.469,ok
CHEMBL1000,IKZF1_8RQC,,timeout
CHEMBL1055,IKZF1_8RQC,-5.484,ok
CHEMBL1079604,IKZF1_8RQC,-5.091,ok
CHEMBL108545,IKZF1_8RQC,-4.603,ok
CHEMBL105,IKZF1_8RQC,-5.615,ok
CHEMBL1089,IKZF1_8RQC,-4.308,ok
CHEMBL1077,IKZF1_8RQC,-5.257,ok
CHEMBL106,IKZF1_8RQC,-5.341,ok
CHEMBL1087,IKZF1_8RQC,-4.943,ok
CHEMBL109,IKZF1_8RQC,-4.458,ok
CHEMBL1077896,IKZF1_8RQC,-4.52,ok
CHEMBL1068,IKZF1_8RQC,-4.234,ok
CHEMBL1065,IKZF1_8RQC,-5.78,ok
CHEMBL1071,IKZF1_8RQC,-5.446,ok
CHEMBL10878,IKZF1_8RQC,-4.942,ok
CHEMBL1095,IKZF1_8RQC,-4.901,ok
CHEMBL1064,IKZF1_8RQC,,timeout
CHEMBL107,IKZF1_8RQC,,timeout
CHEMBL1072,IKZF1_8RQC,,timeout
CHEMBL1090,IKZF1_8RQC,-4.384,ok
CHEMBL1096562,IKZF1_8RQC,-4.622,ok
CHEMBL1073,IKZF1_8RQC,,timeout
CHEMBL1075,IKZF1_8RQC,,timeout
CHEMBL1098319,IKZF1_8RQC,-3.49,ok
CHEMBL1096,IKZF1_8RQC,-6.334,ok
CHEMBL1078178,IKZF1_8RQC,,timeout
CHEMBL1094,IKZF1_8RQC,-4.934,ok
CHEMBL1089221,IKZF1_8RQC,-5.69,ok
CHEMBL1104,IKZF1_8RQC,-4.349,ok
CHEMBL1094966,IKZF1_8RQC,-5.198,ok
CHEMBL1106,IKZF1_8RQC,-5.396,ok
CHEMBL110458,IKZF1_8RQC,-4.92,ok
CHEMBL1102,IKZF1_8RQC,-4.656,ok
CHEMBL1093,IKZF1_8RQC,-4.437,ok
CHEMBL1094636,IKZF1_8RQC,-5.956,ok
CHEMBL1082407,IKZF1_8RQC,,timeout
CHEMBL112,IKZF1_8RQC,-4.423,ok
CHEMBL1140,IKZF1_8RQC,-4.678,ok
CHEMBL1085,IKZF1_8RQC,,timeout
CHEMBL1086,IKZF1_8RQC,,timeout
CHEMBL1091,IKZF1_8RQC,-6.061,ok
CHEMBL1160819,IKZF1_8RQC,-1.305,ok
CHEMBL1161681,IKZF1_8RQC,-2.995,ok
CHEMBL1149,IKZF1_8RQC,-3.948,ok
CHEMBL110,IKZF1_8RQC,-4.939,ok
CHEMBL1110,IKZF1_8RQC,-5.809,ok
CHEMBL1098,IKZF1_8RQC,-4.75,ok
CHEMBL1118,IKZF1_8RQC,-4.268,ok
CHEMBL1095777,IKZF1_8RQC,,timeout
CHEMBL1129,IKZF1_8RQC,-4.634,ok
CHEMBL1159,IKZF1_8RQC,-4.746,ok
CHEMBL1096146,IKZF1_8RQC,,timeout
CHEMBL1169,IKZF1_8RQC,-4.845,ok
CHEMBL11662,IKZF1_8RQC,-4.99,ok
CHEMBL1177,IKZF1_8RQC,-4.85,ok
CHEMBL1109,IKZF1_8RQC,-5.897,ok
CHEMBL1167,IKZF1_8RQC,-4.415,ok
CHEMBL1101,IKZF1_8RQC,-5.164,ok
CHEMBL1164729,IKZF1_8RQC,-5.34,ok
CHEMBL1108,IKZF1_8RQC,,timeout
CHEMBL1152,IKZF1_8RQC,-5.949,ok
CHEMBL1111,IKZF1_8RQC,,timeout
CHEMBL1112,IKZF1_8RQC,,timeout
CHEMBL1138,IKZF1_8RQC,,timeout
CHEMBL1139,IKZF1_8RQC,,timeout
CHEMBL1148,IKZF1_8RQC,,timeout
CHEMBL1159650,IKZF1_8RQC,,timeout
CHEMBL1186579,IKZF1_8RQC,-5.314,ok
CHEMBL1191,IKZF1_8RQC,-4.957,ok
CHEMBL1175,IKZF1_8RQC,-4.907,ok
CHEMBL1194,IKZF1_8RQC,-5.05,ok
CHEMBL1179047,IKZF1_8RQC,-4.054,ok
CHEMBL1168,IKZF1_8RQC,,timeout
CHEMBL1185,IKZF1_8RQC,-5.499,ok
CHEMBL1173055,IKZF1_8RQC,-5.245,ok
CHEMBL117287,IKZF1_8RQC,,timeout
CHEMBL1200391,IKZF1_8RQC,-4.092,ok
CHEMBL1173655,IKZF1_8RQC,,timeout
CHEMBL118,IKZF1_8RQC,-6.286,ok
CHEMBL1189432,IKZF1_8RQC,-5.358,ok
CHEMBL1200559,IKZF1_8RQC,-4.038,ok
CHEMBL1200436,IKZF1_8RQC,-5.127,ok
CHEMBL1200430,IKZF1_8RQC,-6.198,ok
CHEMBL1197,IKZF1_8RQC,-5.651,ok
CHEMBL1183717,IKZF1_8RQC,,timeout
CHEMBL1200359,IKZF1_8RQC,-4.868,ok
CHEMBL1200660,IKZF1_8RQC,-4.632,ok
CHEMBL1200790,IKZF1_8RQC,-3.644,ok
CHEMBL119,IKZF1_8RQC,,timeout
CHEMBL1200600,IKZF1_8RQC,-5.109,ok
CHEMBL1200356,IKZF1_8RQC,-4.757,ok
CHEMBL1194325,IKZF1_8RQC,,timeout
CHEMBL1195,IKZF1_8RQC,,timeout
CHEMBL1200802,IKZF1_8RQC,-3.776,ok
CHEMBL1200829,IKZF1_8RQC,-5.141,ok
CHEMBL1200617,IKZF1_8RQC,-5.382,ok
CHEMBL1196,IKZF1_8RQC,,timeout
CHEMBL1200807,IKZF1_8RQC,-5.262,ok
CHEMBL1200,IKZF1_8RQC,,timeout
CHEMBL1200342,IKZF1_8RQC,-5.674,ok
CHEMBL1200907,IKZF1_8RQC,-5.109,ok
CHEMBL1200774,IKZF1_8RQC,-5.361,ok
CHEMBL1200862,IKZF1_8RQC,-4.716,ok
CHEMBL1200376,IKZF1_8RQC,,timeout
CHEMBL1200386,IKZF1_8RQC,,timeout
CHEMBL1200845,IKZF1_8RQC,-6.074,ok
CHEMBL1200868,IKZF1_8RQC,-5.165,ok
CHEMBL1200538,IKZF1_8RQC,-6.154,ok
CHEMBL1200604,IKZF1_8RQC,-4.13,ok
CHEMBL1200449,IKZF1_8RQC,,timeout
CHEMBL1200545,IKZF1_8RQC,,timeout
CHEMBL1201073,IKZF1_8RQC,-4.72,ok
CHEMBL1200922,IKZF1_8RQC,-4.383,ok
CHEMBL1200562,IKZF1_8RQC,,timeout
CHEMBL1200979,IKZF1_8RQC,-4.567,ok
CHEMBL1200910,IKZF1_8RQC,-4.629,ok
CHEMBL1201151,IKZF1_8RQC,-5.496,ok
CHEMBL1201189,IKZF1_8RQC,-1.305,ok
CHEMBL1201012,IKZF1_8RQC,-5.08,ok
CHEMBL1201129,IKZF1_8RQC,-4.457,ok
CHEMBL1201056,IKZF1_8RQC,-5.641,ok
CHEMBL1201109,IKZF1_8RQC,-5.232,ok
CHEMBL1200865,IKZF1_8RQC,,timeout
CHEMBL1201173,IKZF1_8RQC,-5.492,ok
CHEMBL1201168,IKZF1_8RQC,-5.872,ok
CHEMBL1200877,IKZF1_8RQC,,timeout
CHEMBL1200909,IKZF1_8RQC,,timeout
CHEMBL1201148,IKZF1_8RQC,-5.259,ok
CHEMBL1201198,IKZF1_8RQC,-5.227,ok
CHEMBL1200953,IKZF1_8RQC,,timeout
CHEMBL1201112,IKZF1_8RQC,-5.155,ok
CHEMBL1201208,IKZF1_8RQC,-4.379,ok
CHEMBL1201201,IKZF1_8RQC,-4.405,ok
CHEMBL1201117,IKZF1_8RQC,-5.12,ok
CHEMBL1200971,IKZF1_8RQC,,timeout
CHEMBL1200975,IKZF1_8RQC,,timeout
CHEMBL1201234,IKZF1_8RQC,-4.132,ok
CHEMBL1201010,IKZF1_8RQC,,timeout
CHEMBL1201039,IKZF1_8RQC,,timeout
CHEMBL1201260,IKZF1_8RQC,-4.874,ok
CHEMBL1201087,IKZF1_8RQC,,timeout
CHEMBL1201192,IKZF1_8RQC,-4.654,ok
CHEMBL1201116,IKZF1_8RQC,-5.085,ok
CHEMBL1201213,IKZF1_8RQC,-4.218,ok
CHEMBL1201193,IKZF1_8RQC,-4.803,ok
CHEMBL1201236,IKZF1_8RQC,-5.124,ok
CHEMBL1201269,IKZF1_8RQC,-4.196,ok
CHEMBL1201233,IKZF1_8RQC,-4.679,ok
CHEMBL1201212,IKZF1_8RQC,-4.753,ok
CHEMBL1201227,IKZF1_8RQC,-5.075,ok
CHEMBL1201319,IKZF1_8RQC,,ok
CHEMBL1201235,IKZF1_8RQC,-5.284,ok
CHEMBL1201293,IKZF1_8RQC,-4.776,ok
CHEMBL1201323,IKZF1_8RQC,-4.014,ok
CHEMBL1201308,IKZF1_8RQC,-4.47,ok
CHEMBL1201191,IKZF1_8RQC,,timeout
CHEMBL1201237,IKZF1_8RQC,-5.488,ok
CHEMBL1201222,IKZF1_8RQC,-4.907,ok
CHEMBL1201288,IKZF1_8RQC,-6.564,ok
CHEMBL1201266,IKZF1_8RQC,-5.079,ok
CHEMBL1201232,IKZF1_8RQC,,timeout
CHEMBL1201242,IKZF1_8RQC,-4.447,ok
CHEMBL1201251,IKZF1_8RQC,,timeout
CHEMBL1201256,IKZF1_8RQC,,timeout
CHEMBL1201313,IKZF1_8RQC,-4.319,ok
CHEMBL1201262,IKZF1_8RQC,,timeout
CHEMBL1201263,IKZF1_8RQC,,timeout
CHEMBL1201754,IKZF1_8RQC,-6.322,ok
CHEMBL1201273,IKZF1_8RQC,,timeout
CHEMBL1201320,IKZF1_8RQC,-5.964,ok
CHEMBL1201274,IKZF1_8RQC,,timeout
CHEMBL1201286,IKZF1_8RQC,,timeout
CHEMBL1201325,IKZF1_8RQC,-5.412,ok
CHEMBL1201314,IKZF1_8RQC,,timeout
CHEMBL1201776,IKZF1_8RQC,-3.998,ok
CHEMBL1208642,IKZF1_8RQC,-3.196,ok
CHEMBL1201780,IKZF1_8RQC,-5.113,ok
CHEMBL1201356,IKZF1_8RQC,-5.532,ok
CHEMBL1201338,IKZF1_8RQC,-4.471,ok
CHEMBL1201864,IKZF1_8RQC,-5.728,ok
CHEMBL1208,IKZF1_8RQC,-5.555,ok
CHEMBL1201335,IKZF1_8RQC,-5.168,ok
CHEMBL1201328,IKZF1_8RQC,,timeout
CHEMBL1201345,IKZF1_8RQC,,timeout
CHEMBL1201346,IKZF1_8RQC,,timeout
CHEMBL1215,IKZF1_8RQC,-4.781,ok
CHEMBL1201347,IKZF1_8RQC,,timeout
CHEMBL1222250,IKZF1_8RQC,-4.635,ok
CHEMBL1230314,IKZF1_8RQC,,ok
CHEMBL1201354,IKZF1_8RQC,,timeout
CHEMBL1201753,IKZF1_8RQC,,timeout
CHEMBL1201784,IKZF1_8RQC,-4.323,ok
CHEMBL1236821,IKZF1_8RQC,,ok
CHEMBL1213251,IKZF1_8RQC,-5.624,ok
CHEMBL1201758,IKZF1_8RQC,,timeout
CHEMBL1201760,IKZF1_8RQC,,timeout
CHEMBL1218,IKZF1_8RQC,-5.248,ok
CHEMBL1236315,IKZF1_8RQC,-4.97,ok
CHEMBL1201863,IKZF1_8RQC,,timeout
CHEMBL1201891,IKZF1_8RQC,,timeout
CHEMBL1206690,IKZF1_8RQC,,timeout
CHEMBL1242,IKZF1_8RQC,-5.395,ok
CHEMBL1237044,IKZF1_8RQC,-4.296,ok
CHEMBL121,IKZF1_8RQC,,timeout
CHEMBL1213252,IKZF1_8RQC,,timeout
CHEMBL1213492,IKZF1_8RQC,,timeout
CHEMBL1238,IKZF1_8RQC,-4.61,ok
CHEMBL1228,IKZF1_8RQC,-4.907,ok
CHEMBL1254682,IKZF1_8RQC,-5.112,ok
CHEMBL1214,IKZF1_8RQC,,timeout
CHEMBL1243,IKZF1_8RQC,-5.982,ok
CHEMBL1233,IKZF1_8RQC,-4.35,ok
CHEMBL1219,IKZF1_8RQC,,timeout
CHEMBL1266,IKZF1_8RQC,-4.634,ok
CHEMBL1229211,IKZF1_8RQC,-6.496,ok
CHEMBL1224,IKZF1_8RQC,,timeout
CHEMBL1229,IKZF1_8RQC,,timeout
CHEMBL1286,IKZF1_8RQC,-4.857,ok
CHEMBL1279,IKZF1_8RQC,-5.454,ok
CHEMBL1261,IKZF1_8RQC,-5.718,ok
CHEMBL12856,IKZF1_8RQC,-4.598,ok
CHEMBL127516,IKZF1_8RQC,-4.642,ok
CHEMBL1231,IKZF1_8RQC,,timeout
CHEMBL1282,IKZF1_8RQC,-4.764,ok
CHEMBL130,IKZF1_8RQC,,ok
CHEMBL1274,IKZF1_8RQC,-5.114,ok
CHEMBL1237119,IKZF1_8RQC,,timeout
CHEMBL1237132,IKZF1_8RQC,,timeout
CHEMBL1308,IKZF1_8RQC,-3.517,ok
CHEMBL1257073,IKZF1_8RQC,-6.984,ok
CHEMBL126,IKZF1_8RQC,-5.09,ok
CHEMBL129,IKZF1_8RQC,-4.886,ok
CHEMBL1311,IKZF1_8RQC,-5.038,ok
CHEMBL1314,IKZF1_8RQC,-4.08,ok
CHEMBL128,IKZF1_8RQC,-4.589,ok
CHEMBL1297,IKZF1_8RQC,-6.106,ok
CHEMBL1256841,IKZF1_8RQC,-6.352,ok
CHEMBL1256786,IKZF1_8RQC,,timeout
CHEMBL1301,IKZF1_8RQC,-5.894,ok
CHEMBL1342,IKZF1_8RQC,-4.184,ok
CHEMBL134,IKZF1_8RQC,-4.038,ok
CHEMBL1316,IKZF1_8RQC,-5.707,ok
CHEMBL1278,IKZF1_8RQC,-5.486,ok
CHEMBL1356238,IKZF1_8RQC,-3.752,ok
CHEMBL1321,IKZF1_8RQC,-4.719,ok
CHEMBL127,IKZF1_8RQC,,timeout
CHEMBL12713,IKZF1_8RQC,,timeout
CHEMBL135,IKZF1_8RQC,-5.164,ok
CHEMBL1305,IKZF1_8RQC,-5.226,ok
CHEMBL1371,IKZF1_8RQC,-4.728,ok
CHEMBL1294,IKZF1_8RQC,-5.377,ok
CHEMBL1324,IKZF1_8RQC,-5.506,ok
CHEMBL137,IKZF1_8RQC,-4.66,ok
CHEMBL1364,IKZF1_8RQC,-3.623,ok
CHEMBL13,IKZF1_8RQC,-4.936,ok
CHEMBL1289601,IKZF1_8RQC,,timeout
CHEMBL1303,IKZF1_8RQC,-4.723,ok
CHEMBL1377,IKZF1_8RQC,-5.517,ok
CHEMBL1289926,IKZF1_8RQC,,timeout
CHEMBL14060,IKZF1_8RQC,-4.214,ok
CHEMBL139877,IKZF1_8RQC,-4.804,ok
CHEMBL1290,IKZF1_8RQC,,timeout
CHEMBL1412,IKZF1_8RQC,-3.712,ok
CHEMBL1291,IKZF1_8RQC,,timeout
CHEMBL1389,IKZF1_8RQC,-5.265,ok
CHEMBL1388,IKZF1_8RQC,-5.235,ok
CHEMBL1425,IKZF1_8RQC,-4.22,ok
CHEMBL1420,IKZF1_8RQC,-4.196,ok
CHEMBL1413,IKZF1_8RQC,-4.685,ok
CHEMBL141,IKZF1_8RQC,-4.938,ok
CHEMBL1431,IKZF1_8RQC,-4.598,ok
CHEMBL1430,IKZF1_8RQC,-4.309,ok
CHEMBL1373,IKZF1_8RQC,-4.632,ok
CHEMBL139,IKZF1_8RQC,-5.112,ok
CHEMBL13376,IKZF1_8RQC,-5.535,ok
CHEMBL1380,IKZF1_8RQC,-5.815,ok
CHEMBL1370,IKZF1_8RQC,-5.377,ok
CHEMBL1401,IKZF1_8RQC,-4.984,ok
CHEMBL1441,IKZF1_8RQC,-4.259,ok
CHEMBL1437,IKZF1_8RQC,-4.795,ok
CHEMBL1346,IKZF1_8RQC,,timeout
CHEMBL1349,IKZF1_8RQC,,timeout
CHEMBL1454910,IKZF1_8RQC,-4.602,ok
CHEMBL1364144,IKZF1_8RQC,-5.633,ok
CHEMBL1445,IKZF1_8RQC,-5.341,ok
CHEMBL1463,IKZF1_8RQC,-4.69,ok
CHEMBL1363,IKZF1_8RQC,,timeout
CHEMBL1467,IKZF1_8RQC,-4.895,ok
CHEMBL1460,IKZF1_8RQC,-4.449,ok
CHEMBL142703,IKZF1_8RQC,-5.512,ok
CHEMBL1448,IKZF1_8RQC,-5.499,ok
CHEMBL148,IKZF1_8RQC,,ok
CHEMBL1469,IKZF1_8RQC,-4.634,ok
CHEMBL1402684,IKZF1_8RQC,,timeout
CHEMBL1404,IKZF1_8RQC,,timeout
CHEMBL1451,IKZF1_8RQC,-4.979,ok
CHEMBL1465,IKZF1_8RQC,-5.242,ok
CHEMBL1421,IKZF1_8RQC,,timeout
CHEMBL1422,IKZF1_8RQC,,timeout
CHEMBL142635,IKZF1_8RQC,,timeout
CHEMBL1482,IKZF1_8RQC,-3.331,ok
CHEMBL1428,IKZF1_8RQC,,timeout
CHEMBL1436,IKZF1_8RQC,,timeout
CHEMBL1474963,IKZF1_8RQC,-5.082,ok
CHEMBL1474889,IKZF1_8RQC,-4.383,ok
CHEMBL1466,IKZF1_8RQC,-7.034,ok
CHEMBL14370,IKZF1_8RQC,,timeout
CHEMBL1464,IKZF1_8RQC,-5.177,ok
CHEMBL1488,IKZF1_8RQC,-3.904,ok
CHEMBL1483,IKZF1_8RQC,-4.994,ok
CHEMBL1449,IKZF1_8RQC,-5.183,ok
CHEMBL1489,IKZF1_8RQC,-4.936,ok
CHEMBL1443,IKZF1_8RQC,,timeout
CHEMBL1515,IKZF1_8RQC,-3.266,ok
CHEMBL1515611,IKZF1_8RQC,-4.092,ok
CHEMBL1518,IKZF1_8RQC,-4.339,ok
CHEMBL1456,IKZF1_8RQC,,timeout
CHEMBL146095,IKZF1_8RQC,,timeout
CHEMBL1531,IKZF1_8RQC,-4.552,ok
CHEMBL1532,IKZF1_8RQC,-5.007,ok
CHEMBL1533,IKZF1_8RQC,-4.919,ok
CHEMBL1504,IKZF1_8RQC,-4.631,ok
CHEMBL1480,IKZF1_8RQC,,timeout
CHEMBL1490,IKZF1_8RQC,-5.367,ok
CHEMBL1512,IKZF1_8RQC,-5.199,ok
CHEMBL1503,IKZF1_8RQC,-5.973,ok
CHEMBL1546,IKZF1_8RQC,-4.262,ok
CHEMBL154,IKZF1_8RQC,-5.42,ok
CHEMBL1491,IKZF1_8RQC,,timeout
CHEMBL1495,IKZF1_8RQC,,timeout
CHEMBL1497,IKZF1_8RQC,,timeout
CHEMBL1501,IKZF1_8RQC,,timeout
CHEMBL1502,IKZF1_8RQC,,timeout
CHEMBL1574,IKZF1_8RQC,-4.312,ok
CHEMBL1576,IKZF1_8RQC,-4.385,ok
CHEMBL1505,IKZF1_8RQC,-5.168,ok
CHEMBL1542,IKZF1_8RQC,-4.786,ok
CHEMBL1560,IKZF1_8RQC,-3.53,ok
CHEMBL1510,IKZF1_8RQC,,timeout
CHEMBL1547,IKZF1_8RQC,-4.883,ok
CHEMBL1513,IKZF1_8RQC,,timeout
CHEMBL1568698,IKZF1_8RQC,-5.468,ok
CHEMBL1519,IKZF1_8RQC,,timeout
CHEMBL1520,IKZF1_8RQC,,timeout
CHEMBL1524273,IKZF1_8RQC,,timeout
CHEMBL1561,IKZF1_8RQC,-4.838,ok
CHEMBL1539,IKZF1_8RQC,-4.934,ok
CHEMBL1530428,IKZF1_8RQC,-5.129,ok
CHEMBL1540,IKZF1_8RQC,-4.554,ok
CHEMBL1577,IKZF1_8RQC,-4.876,ok
CHEMBL1590,IKZF1_8RQC,-4.287,ok
CHEMBL1593719,IKZF1_8RQC,-4.709,ok
CHEMBL1597,IKZF1_8RQC,-3.061,ok
CHEMBL15677,IKZF1_8RQC,-4.835,ok
CHEMBL1595,IKZF1_8RQC,-5.626,ok
CHEMBL16073,IKZF1_8RQC,-4.369,ok
CHEMBL1535,IKZF1_8RQC,,timeout
CHEMBL1551,IKZF1_8RQC,-5.964,ok
CHEMBL16,IKZF1_8RQC,-4.839,ok
CHEMBL1594,IKZF1_8RQC,-4.805,ok
CHEMBL1615779,IKZF1_8RQC,-4.753,ok
CHEMBL1627367,IKZF1_8RQC,,ok
CHEMBL15870,IKZF1_8RQC,-5.782,ok
CHEMBL1589,IKZF1_8RQC,-5.86,ok
CHEMBL15770,IKZF1_8RQC,-5.637,ok
CHEMBL1619,IKZF1_8RQC,-5.228,ok
CHEMBL1625,IKZF1_8RQC,-5.385,ok
CHEMBL1615350,IKZF1_8RQC,-4.9,ok
CHEMBL1587,IKZF1_8RQC,-5.743,ok
CHEMBL1580,IKZF1_8RQC,-3.929,ok
CHEMBL1581,IKZF1_8RQC,,timeout
CHEMBL1643,IKZF1_8RQC,-6.383,ok
CHEMBL1583,IKZF1_8RQC,,timeout
CHEMBL1584,IKZF1_8RQC,,timeout
CHEMBL1643895,IKZF1_8RQC,-5.403,ok
CHEMBL16476,IKZF1_8RQC,-5.248,ok
CHEMBL1592,IKZF1_8RQC,,timeout
CHEMBL1596,IKZF1_8RQC,,timeout
CHEMBL1604,IKZF1_8RQC,-5.162,ok
CHEMBL170,IKZF1_8RQC,,ok
CHEMBL1599,IKZF1_8RQC,,timeout
CHEMBL1681,IKZF1_8RQC,-4.534,ok
CHEMBL1614701,IKZF1_8RQC,,timeout
CHEMBL1689063,IKZF1_8RQC,-4.871,ok
CHEMBL1615438,IKZF1_8RQC,,timeout
CHEMBL1697760,IKZF1_8RQC,-4.579,ok
CHEMBL17,IKZF1_8RQC,-4.293,ok
CHEMBL170988,IKZF1_8RQC,-6.077,ok
CHEMBL1697856,IKZF1_8RQC,-4.562,ok
CHEMBL1697686,IKZF1_8RQC,-4.916,ok
CHEMBL1740513,IKZF1_8RQC,-3.895,ok
CHEMBL1621,IKZF1_8RQC,,timeout
CHEMBL1753,IKZF1_8RQC,,ok
CHEMBL1621597,IKZF1_8RQC,,timeout
CHEMBL1628502,IKZF1_8RQC,,timeout
CHEMBL1685,IKZF1_8RQC,-3.729,ok
CHEMBL1650,IKZF1_8RQC,-5.583,ok
CHEMBL175,IKZF1_8RQC,-4.937,ok
CHEMBL1762,IKZF1_8RQC,-4.152,ok
CHEMBL167731,IKZF1_8RQC,-5.287,ok
CHEMBL1738,IKZF1_8RQC,-5.637,ok
CHEMBL1752,IKZF1_8RQC,-4.545,ok
CHEMBL1648,IKZF1_8RQC,,timeout
CHEMBL1684,IKZF1_8RQC,-6.121,ok
CHEMBL1650443,IKZF1_8RQC,,timeout
CHEMBL1750,IKZF1_8RQC,-4.585,ok
CHEMBL1763,IKZF1_8RQC,-5.363,ok
CHEMBL1683,IKZF1_8RQC,,timeout
CHEMBL1760,IKZF1_8RQC,-4.71,ok
CHEMBL181,IKZF1_8RQC,-4.516,ok
CHEMBL1727,IKZF1_8RQC,-5.401,ok
CHEMBL17860,IKZF1_8RQC,-4.136,ok
CHEMBL18,IKZF1_8RQC,-4.847,ok
CHEMBL1766,IKZF1_8RQC,-4.98,ok
CHEMBL18116,IKZF1_8RQC,-4.448,ok
CHEMBL185,IKZF1_8RQC,-4.76,ok
CHEMBL1726,IKZF1_8RQC,,timeout
CHEMBL1801800,IKZF1_8RQC,-5.407,ok
CHEMBL174,IKZF1_8RQC,-5.212,ok
CHEMBL1729,IKZF1_8RQC,,timeout
CHEMBL1738797,IKZF1_8RQC,,timeout
CHEMBL189,IKZF1_8RQC,-4.598,ok
CHEMBL1741134,IKZF1_8RQC,,timeout
CHEMBL184,IKZF1_8RQC,-5.402,ok
CHEMBL190,IKZF1_8RQC,-4.064,ok
CHEMBL19,IKZF1_8RQC,-4.383,ok
CHEMBL1789941,IKZF1_8RQC,-5.87,ok
CHEMBL175691,IKZF1_8RQC,,timeout
CHEMBL1908917,IKZF1_8RQC,-5.132,ok
CHEMBL188952,IKZF1_8RQC,-4.924,ok
CHEMBL1865134,IKZF1_8RQC,-5.453,ok
CHEMBL182,IKZF1_8RQC,-4.797,ok
CHEMBL1909283,IKZF1_8RQC,-4.925,ok
CHEMBL1770248,IKZF1_8RQC,,timeout
CHEMBL1909282,IKZF1_8RQC,-5.878,ok
CHEMBL1909286,IKZF1_8RQC,-4.264,ok
CHEMBL1770916,IKZF1_8RQC,,timeout
CHEMBL193482,IKZF1_8RQC,,ok
CHEMBL1773,IKZF1_8RQC,,timeout
CHEMBL19236,IKZF1_8RQC,-4.325,ok
CHEMBL1779710,IKZF1_8RQC,,timeout
CHEMBL1790041,IKZF1_8RQC,,timeout
CHEMBL1977579,IKZF1_8RQC,,ok
CHEMBL19393,IKZF1_8RQC,-4.408,ok
CHEMBL19019,IKZF1_8RQC,-5.019,ok
CHEMBL196,IKZF1_8RQC,-5.206,ok
CHEMBL186,IKZF1_8RQC,,timeout
CHEMBL1863513,IKZF1_8RQC,,timeout
CHEMBL1983350,IKZF1_8RQC,-5.439,ok
CHEMBL1873475,IKZF1_8RQC,,timeout
CHEMBL1888176,IKZF1_8RQC,,timeout
CHEMBL19299,IKZF1_8RQC,-5.575,ok
CHEMBL189963,IKZF1_8RQC,,timeout
CHEMBL1908370,IKZF1_8RQC,-5.787,ok
CHEMBL20,IKZF1_8RQC,-5.498,ok
CHEMBL2030434,IKZF1_8RQC,-4.411,ok
CHEMBL19490,IKZF1_8RQC,-5.074,ok
CHEMBL1900528,IKZF1_8RQC,,timeout
CHEMBL2042122,IKZF1_8RQC,-5.402,ok
CHEMBL1998966,IKZF1_8RQC,-5.329,ok
CHEMBL1909072,IKZF1_8RQC,,timeout
CHEMBL2096635,IKZF1_8RQC,-3.405,ok
CHEMBL2096648,IKZF1_8RQC,-3.404,ok
CHEMBL2068864,IKZF1_8RQC,-4.344,ok
CHEMBL2103827,IKZF1_8RQC,,ok
CHEMBL1909289,IKZF1_8RQC,,timeout
CHEMBL191,IKZF1_8RQC,,timeout
CHEMBL2103877,IKZF1_8RQC,,ok
CHEMBL192,IKZF1_8RQC,,timeout
CHEMBL207538,IKZF1_8RQC,-5.284,ok
CHEMBL21,IKZF1_8RQC,-4.419,ok
CHEMBL1929396,IKZF1_8RQC,,timeout
CHEMBL193,IKZF1_8RQC,,timeout
CHEMBL2,IKZF1_8RQC,-5.717,ok
CHEMBL197084,IKZF1_8RQC,,timeout
CHEMBL2103837,IKZF1_8RQC,-5.506,ok
CHEMBL2105275,IKZF1_8RQC,-4.317,ok
CHEMBL198362,IKZF1_8RQC,,timeout
CHEMBL2103822,IKZF1_8RQC,-5.083,ok
CHEMBL2104910,IKZF1_8RQC,-5.108,ok
CHEMBL2105233,IKZF1_8RQC,-4.141,ok
CHEMBL2043437,IKZF1_8RQC,-6.442,ok
CHEMBL2105420,IKZF1_8RQC,-5.348,ok
CHEMBL2105566,IKZF1_8RQC,-4.488,ok
CHEMBL2104993,IKZF1_8RQC,-5.183,ok
CHEMBL2005186,IKZF1_8RQC,,timeout
CHEMBL2105827,IKZF1_8RQC,-3.753,ok
CHEMBL2018096,IKZF1_8RQC,,timeout
CHEMBL2028019,IKZF1_8RQC,,timeout
CHEMBL2107826,IKZF1_8RQC,,ok
CHEMBL2035187,IKZF1_8RQC,,timeout
CHEMBL2106794,IKZF1_8RQC,-5.191,ok
CHEMBL204656,IKZF1_8RQC,,timeout
CHEMBL2048484,IKZF1_8RQC,,timeout
CHEMBL2079130,IKZF1_8RQC,-5.281,ok
CHEMBL2107797,IKZF1_8RQC,-5.497,ok
CHEMBL2110978,IKZF1_8RQC,-3.526,ok
CHEMBL2106939,IKZF1_8RQC,-5.191,ok
CHEMBL211456,IKZF1_8RQC,,ok
CHEMBL2103870,IKZF1_8RQC,,timeout
CHEMBL2110962,IKZF1_8RQC,-4.587,ok
CHEMBL2105224,IKZF1_8RQC,,timeout
CHEMBL2105762,IKZF1_8RQC,-6.085,ok
CHEMBL2105497,IKZF1_8RQC,,timeout
CHEMBL2105759,IKZF1_8RQC,-5.375,ok
CHEMBL2105581,IKZF1_8RQC,,timeout
CHEMBL2105637,IKZF1_8RQC,,timeout
CHEMBL2105720,IKZF1_8RQC,,timeout
CHEMBL2105760,IKZF1_8RQC,,timeout
CHEMBL2107726,IKZF1_8RQC,-5.22,ok
CHEMBL221722,IKZF1_8RQC,-5.329,ok
CHEMBL21869,IKZF1_8RQC,-5.065,ok
CHEMBL21731,IKZF1_8RQC,-4.783,ok
CHEMBL2107175,IKZF1_8RQC,,timeout
CHEMBL2107381,IKZF1_8RQC,,timeout
CHEMBL218490,IKZF1_8RQC,-4.556,ok
CHEMBL2107830,IKZF1_8RQC,,timeout
CHEMBL2107834,IKZF1_8RQC,,timeout
CHEMBL2110731,IKZF1_8RQC,,timeout
CHEMBL2111097,IKZF1_8RQC,,timeout
CHEMBL2111112,IKZF1_8RQC,,timeout
CHEMBL2111101,IKZF1_8RQC,,timeout
CHEMBL235668,IKZF1_8RQC,-4.441,ok
CHEMBL220492,IKZF1_8RQC,-5.934,ok
CHEMBL2147777,IKZF1_8RQC,,timeout
CHEMBL215303,IKZF1_8RQC,,timeout
CHEMBL22,IKZF1_8RQC,-4.701,ok
CHEMBL2348780,IKZF1_8RQC,-4.563,ok
CHEMBL2181927,IKZF1_8RQC,,timeout
CHEMBL221959,IKZF1_8RQC,-5.562,ok
CHEMBL220491,IKZF1_8RQC,-4.472,ok
CHEMBL22242,IKZF1_8RQC,-4.829,ok
CHEMBL2216870,IKZF1_8RQC,,timeout
CHEMBL2218861,IKZF1_8RQC,,timeout
CHEMBL25,IKZF1_8RQC,-5.074,ok
CHEMBL2220442,IKZF1_8RQC,,timeout
CHEMBL2338329,IKZF1_8RQC,-6.483,ok
CHEMBL231068,IKZF1_8RQC,,timeout
CHEMBL231779,IKZF1_8RQC,,timeout
CHEMBL2368925,IKZF1_8RQC,-5.662,ok
CHEMBL24944,IKZF1_8RQC,-4.842,ok
CHEMBL254468,IKZF1_8RQC,-5.122,ok
CHEMBL245807,IKZF1_8RQC,-4.795,ok
CHEMBL248702,IKZF1_8RQC,-5.499,ok
CHEMBL2364608,IKZF1_8RQC,,timeout
CHEMBL256087,IKZF1_8RQC,-4.217,ok
CHEMBL2403238,IKZF1_8RQC,-6.357,ok
CHEMBL24,IKZF1_8RQC,-5.125,ok
CHEMBL267936,IKZF1_8RQC,-4.152,ok
CHEMBL2364639,IKZF1_8RQC,,timeout
CHEMBL237500,IKZF1_8RQC,,timeout
CHEMBL2396661,IKZF1_8RQC,,timeout
CHEMBL240597,IKZF1_8RQC,-5.652,ok
CHEMBL269644,IKZF1_8RQC,-4.314,ok
CHEMBL268164,IKZF1_8RQC,-4.44,ok
CHEMBL267894,IKZF1_8RQC,-3.932,ok
CHEMBL243712,IKZF1_8RQC,,timeout
CHEMBL259571,IKZF1_8RQC,-5.787,ok
CHEMBL2443262,IKZF1_8RQC,,timeout
CHEMBL256997,IKZF1_8RQC,-6.081,ok
CHEMBL25202,IKZF1_8RQC,-5.962,ok
CHEMBL284348,IKZF1_8RQC,-3.65,ok
CHEMBL259209,IKZF1_8RQC,-4.225,ok
CHEMBL276832,IKZF1_8RQC,-4.377,ok
CHEMBL273575,IKZF1_8RQC,-4.642,ok
CHEMBL24828,IKZF1_8RQC,,timeout
CHEMBL268869,IKZF1_8RQC,-5.105,ok
CHEMBL276520,IKZF1_8RQC,-5.386,ok
CHEMBL289480,IKZF1_8RQC,-4.172,ok
CHEMBL267744,IKZF1_8RQC,-4.827,ok
CHEMBL255044,IKZF1_8RQC,-5.435,ok
CHEMBL301265,IKZF1_8RQC,-4.335,ok
CHEMBL289469,IKZF1_8RQC,-5.587,ok
CHEMBL252556,IKZF1_8RQC,,timeout
CHEMBL27,IKZF1_8RQC,-4.803,ok
CHEMBL254316,IKZF1_8RQC,,timeout
CHEMBL259972,IKZF1_8RQC,-5.628,ok
CHEMBL267495,IKZF1_8RQC,,timeout
CHEMBL30,IKZF1_8RQC,-4.739,ok
CHEMBL278819,IKZF1_8RQC,-6.136,ok
CHEMBL306700,IKZF1_8RQC,-4.663,ok
CHEMBL29,IKZF1_8RQC,-5.689,ok
CHEMBL270190,IKZF1_8RQC,,timeout
CHEMBL27193,IKZF1_8RQC,,timeout
CHEMBL311498,IKZF1_8RQC,-5.618,ok
CHEMBL277100,IKZF1_8RQC,,timeout
CHEMBL282724,IKZF1_8RQC,,timeout
CHEMBL294199,IKZF1_8RQC,,timeout
CHEMBL3112741,IKZF1_8RQC,-5.02,ok
CHEMBL31,IKZF1_8RQC,-5.389,ok
CHEMBL3137320,IKZF1_8RQC,-6.931,ok
CHEMBL3039502,IKZF1_8RQC,,timeout
CHEMBL3137308,IKZF1_8RQC,-5.952,ok
CHEMBL3039507,IKZF1_8RQC,,timeout
CHEMBL3039520,IKZF1_8RQC,,timeout
CHEMBL3237547,IKZF1_8RQC,-4.564,ok
CHEMBL338802,IKZF1_8RQC,-4.711,ok
CHEMBL3137312,IKZF1_8RQC,,timeout
CHEMBL313972,IKZF1_8RQC,-5.11,ok
CHEMBL314854,IKZF1_8RQC,,timeout
CHEMBL315838,IKZF1_8RQC,,timeout
CHEMBL33,IKZF1_8RQC,-5.672,ok
CHEMBL316157,IKZF1_8RQC,,timeout
CHEMBL341812,IKZF1_8RQC,-4.863,ok
CHEMBL316561,IKZF1_8RQC,,timeout
CHEMBL354077,IKZF1_8RQC,-3.765,ok
CHEMBL317094,IKZF1_8RQC,,timeout
CHEMBL32,IKZF1_8RQC,-5.245,ok
CHEMBL3183075,IKZF1_8RQC,,timeout
CHEMBL3183409,IKZF1_8RQC,,timeout
CHEMBL3400972,IKZF1_8RQC,-5.174,ok
CHEMBL3187723,IKZF1_8RQC,,timeout
CHEMBL340978,IKZF1_8RQC,-6.014,ok
CHEMBL33986,IKZF1_8RQC,-5.272,ok
CHEMBL348000,IKZF1_8RQC,-5.789,ok
CHEMBL3188267,IKZF1_8RQC,,timeout
CHEMBL3545253,IKZF1_8RQC,-5.961,ok
CHEMBL3546271,IKZF1_8RQC,-5.779,ok
CHEMBL3261331,IKZF1_8RQC,,timeout
CHEMBL32800,IKZF1_8RQC,,timeout
CHEMBL36,IKZF1_8RQC,-4.589,ok
CHEMBL3301607,IKZF1_8RQC,,timeout
CHEMBL3304486,IKZF1_8RQC,,timeout
CHEMBL360328,IKZF1_8RQC,-3.288,ok
CHEMBL3353410,IKZF1_8RQC,,timeout
CHEMBL3547132,IKZF1_8RQC,-5.211,ok
CHEMBL35,IKZF1_8RQC,-5.399,ok
CHEMBL374731,IKZF1_8RQC,-4.906,ok
CHEMBL3646221,IKZF1_8RQC,-5.995,ok
CHEMBL3544988,IKZF1_8RQC,,timeout
CHEMBL3545110,IKZF1_8RQC,,timeout
CHEMBL3545185,IKZF1_8RQC,,timeout
CHEMBL3590187,IKZF1_8RQC,-5.459,ok
CHEMBL3545367,IKZF1_8RQC,,timeout
CHEMBL3545376,IKZF1_8RQC,,timeout
CHEMBL363295,IKZF1_8RQC,-4.966,ok
CHEMBL361497,IKZF1_8RQC,,timeout
CHEMBL361812,IKZF1_8RQC,,timeout
CHEMBL3622821,IKZF1_8RQC,,timeout
CHEMBL395091,IKZF1_8RQC,-3.984,ok
CHEMBL3643413,IKZF1_8RQC,,timeout
CHEMBL3655081,IKZF1_8RQC,-5.404,ok
CHEMBL384467,IKZF1_8RQC,-5.211,ok
CHEMBL39736,IKZF1_8RQC,-4.62,ok
CHEMBL398707,IKZF1_8RQC,-5.217,ok
CHEMBL3701238,IKZF1_8RQC,,timeout
CHEMBL3707224,IKZF1_8RQC,,timeout
CHEMBL3707247,IKZF1_8RQC,,timeout
CHEMBL3707348,IKZF1_8RQC,,timeout
CHEMBL3716057,IKZF1_8RQC,,timeout
CHEMBL40,IKZF1_8RQC,-4.554,ok
CHEMBL405,IKZF1_8RQC,-4.423,ok
CHEMBL403,IKZF1_8RQC,-3.844,ok
CHEMBL376359,IKZF1_8RQC,,timeout
CHEMBL376897,IKZF1_8RQC,-5.243,ok
CHEMBL3989949,IKZF1_8RQC,-4.61,ok
CHEMBL385517,IKZF1_8RQC,-5.254,ok
CHEMBL404,IKZF1_8RQC,-4.797,ok
CHEMBL4,IKZF1_8RQC,-5.775,ok
CHEMBL3940890,IKZF1_8RQC,-4.592,ok
CHEMBL3889654,IKZF1_8RQC,,timeout
CHEMBL3894860,IKZF1_8RQC,,timeout
CHEMBL396778,IKZF1_8RQC,-6.184,ok
CHEMBL3936761,IKZF1_8RQC,,timeout
CHEMBL404108,IKZF1_8RQC,-5.152,ok
CHEMBL406,IKZF1_8RQC,-6.777,ok
CHEMBL3989866,IKZF1_8RQC,-6.68,ok
CHEMBL419,IKZF1_8RQC,-4.251,ok
CHEMBL3990047,IKZF1_8RQC,-5.514,ok
CHEMBL3989908,IKZF1_8RQC,,timeout
CHEMBL420,IKZF1_8RQC,-5.01,ok
CHEMBL400599,IKZF1_8RQC,,timeout
CHEMBL4085457,IKZF1_8RQC,-5.112,ok
CHEMBL408513,IKZF1_8RQC,-6.203,ok
CHEMBL411,IKZF1_8RQC,-4.593,ok
CHEMBL406393,IKZF1_8RQC,-5.353,ok
CHEMBL4066936,IKZF1_8RQC,,timeout
CHEMBL4071161,IKZF1_8RQC,,timeout
CHEMBL408,IKZF1_8RQC,,timeout
CHEMBL41,IKZF1_8RQC,-5.356,ok
CHEMBL41355,IKZF1_8RQC,-5.242,ok
CHEMBL409,IKZF1_8RQC,,timeout
CHEMBL4101807,IKZF1_8RQC,,timeout
CHEMBL416956,IKZF1_8RQC,-6.058,ok
CHEMBL425,IKZF1_8RQC,-5.602,ok
CHEMBL4105630,IKZF1_8RQC,,timeout
CHEMBL418995,IKZF1_8RQC,,timeout
CHEMBL426084,IKZF1_8RQC,-6.031,ok
CHEMBL4297517,IKZF1_8RQC,-5.585,ok
CHEMBL4204794,IKZF1_8RQC,,timeout
CHEMBL4297620,IKZF1_8RQC,-4.912,ok
CHEMBL4208229,IKZF1_8RQC,,timeout
CHEMBL423,IKZF1_8RQC,,timeout
CHEMBL4298137,IKZF1_8RQC,-4.516,ok
CHEMBL426559,IKZF1_8RQC,,timeout
CHEMBL4279047,IKZF1_8RQC,,timeout
CHEMBL428,IKZF1_8RQC,,timeout
CHEMBL428880,IKZF1_8RQC,,timeout
CHEMBL4297528,IKZF1_8RQC,-7.28,ok
CHEMBL429,IKZF1_8RQC,,timeout
CHEMBL4297185,IKZF1_8RQC,,timeout
CHEMBL43452,IKZF1_8RQC,-5.13,ok
CHEMBL434,IKZF1_8RQC,-4.95,ok
CHEMBL4297522,IKZF1_8RQC,,timeout
CHEMBL435,IKZF1_8RQC,-5.127,ok
CHEMBL4297610,IKZF1_8RQC,-5.059,ok
CHEMBL435298,IKZF1_8RQC,-5.657,ok
CHEMBL437,IKZF1_8RQC,-4.424,ok
CHEMBL4297590,IKZF1_8RQC,,timeout
CHEMBL438,IKZF1_8RQC,-5.076,ok
CHEMBL439,IKZF1_8RQC,-4.967,ok
CHEMBL441,IKZF1_8RQC,-4.087,ok
CHEMBL4298138,IKZF1_8RQC,,timeout
CHEMBL429910,IKZF1_8RQC,,timeout
CHEMBL443,IKZF1_8RQC,-5.045,ok
CHEMBL440,IKZF1_8RQC,-4.047,ok
CHEMBL4299940,IKZF1_8RQC,,timeout
CHEMBL43,IKZF1_8RQC,,timeout
CHEMBL449,IKZF1_8RQC,-3.899,ok
CHEMBL450,IKZF1_8RQC,-3.69,ok
CHEMBL448,IKZF1_8RQC,-3.983,ok
CHEMBL430,IKZF1_8RQC,,timeout
CHEMBL447,IKZF1_8RQC,-3.746,ok
CHEMBL446,IKZF1_8RQC,-5.27,ok
CHEMBL4594246,IKZF1_8RQC,,ok
CHEMBL4303214,IKZF1_8RQC,,timeout
CHEMBL4594261,IKZF1_8RQC,,ok
CHEMBL431,IKZF1_8RQC,,timeout
CHEMBL45,IKZF1_8RQC,-4.965,ok
CHEMBL455,IKZF1_8RQC,-4.456,ok
CHEMBL434394,IKZF1_8RQC,,timeout
CHEMBL454,IKZF1_8RQC,-3.773,ok
CHEMBL436,IKZF1_8RQC,-4.976,ok
CHEMBL453,IKZF1_8RQC,-5.075,ok
CHEMBL462547,IKZF1_8RQC,-3.626,ok
CHEMBL44884,IKZF1_8RQC,-4.181,ok
CHEMBL467,IKZF1_8RQC,-3.874,ok
CHEMBL459,IKZF1_8RQC,-4.76,ok
CHEMBL439849,IKZF1_8RQC,,timeout
CHEMBL456,IKZF1_8RQC,-4.39,ok
CHEMBL463,IKZF1_8RQC,-5.672,ok
CHEMBL457,IKZF1_8RQC,-5.299,ok
CHEMBL455186,IKZF1_8RQC,-5.055,ok
CHEMBL4435170,IKZF1_8RQC,,timeout
CHEMBL460,IKZF1_8RQC,-4.849,ok
CHEMBL445,IKZF1_8RQC,-3.982,ok
CHEMBL451,IKZF1_8RQC,-4.638,ok
CHEMBL476,IKZF1_8RQC,-5.365,ok
CHEMBL46917,IKZF1_8RQC,-4.732,ok
CHEMBL468,IKZF1_8RQC,-5.532,ok
CHEMBL452,IKZF1_8RQC,-4.908,ok
CHEMBL461522,IKZF1_8RQC,-4.786,ok
CHEMBL4585668,IKZF1_8RQC,-6.399,ok
CHEMBL469,IKZF1_8RQC,-5.244,ok
CHEMBL485,IKZF1_8RQC,-5.255,ok
CHEMBL477,IKZF1_8RQC,-5.53,ok
CHEMBL488,IKZF1_8RQC,-4.865,ok
CHEMBL4594250,IKZF1_8RQC,,timeout
CHEMBL4594287,IKZF1_8RQC,,timeout
CHEMBL471,IKZF1_8RQC,-4.7,ok
CHEMBL4594448,IKZF1_8RQC,,timeout
CHEMBL4596392,IKZF1_8RQC,,timeout
CHEMBL468837,IKZF1_8RQC,-3.499,ok
CHEMBL461101,IKZF1_8RQC,,timeout
CHEMBL485696,IKZF1_8RQC,-5.431,ok
CHEMBL498847,IKZF1_8RQC,-4.611,ok
CHEMBL5,IKZF1_8RQC,-4.822,ok
CHEMBL4650215,IKZF1_8RQC,,timeout
CHEMBL473417,IKZF1_8RQC,-6.573,ok
CHEMBL498,IKZF1_8RQC,-5.155,ok
CHEMBL503565,IKZF1_8RQC,-4.133,ok
CHEMBL494753,IKZF1_8RQC,-6.527,ok
CHEMBL472,IKZF1_8RQC,,timeout
CHEMBL477772,IKZF1_8RQC,,timeout
CHEMBL513,IKZF1_8RQC,-3.66,ok
CHEMBL480,IKZF1_8RQC,,timeout
CHEMBL514,IKZF1_8RQC,-4.576,ok
CHEMBL4802135,IKZF1_8RQC,,timeout
CHEMBL483254,IKZF1_8RQC,,timeout
CHEMBL490,IKZF1_8RQC,-6.023,ok
CHEMBL492,IKZF1_8RQC,-4.267,ok
CHEMBL487253,IKZF1_8RQC,,timeout
CHEMBL500,IKZF1_8RQC,-4.941,ok
CHEMBL509,IKZF1_8RQC,-4.974,ok
CHEMBL488093,IKZF1_8RQC,,timeout
CHEMBL506,IKZF1_8RQC,-4.648,ok
CHEMBL526,IKZF1_8RQC,-4.072,ok
CHEMBL521,IKZF1_8RQC,-5.043,ok
CHEMBL499,IKZF1_8RQC,-4.742,ok
CHEMBL494,IKZF1_8RQC,,timeout
CHEMBL524,IKZF1_8RQC,-3.841,ok
CHEMBL53,IKZF1_8RQC,-5.319,ok
CHEMBL503,IKZF1_8RQC,,timeout
CHEMBL537,IKZF1_8RQC,-4.285,ok
CHEMBL53418,IKZF1_8RQC,-5.145,ok
CHEMBL539,IKZF1_8RQC,-3.163,ok
CHEMBL50588,IKZF1_8RQC,,timeout
CHEMBL527,IKZF1_8RQC,-6.079,ok
CHEMBL544,IKZF1_8RQC,-4.056,ok
CHEMBL545,IKZF1_8RQC,-2.64,ok
CHEMBL512351,IKZF1_8RQC,,timeout
CHEMBL517712,IKZF1_8RQC,-5.01,ok
CHEMBL515387,IKZF1_8RQC,-5.822,ok
CHEMBL515,IKZF1_8RQC,-4.805,ok
CHEMBL531,IKZF1_8RQC,-5.086,ok
CHEMBL515408,IKZF1_8RQC,-5.297,ok
CHEMBL514800,IKZF1_8RQC,,timeout
CHEMBL53292,IKZF1_8RQC,-5.478,ok
CHEMBL517,IKZF1_8RQC,,timeout
CHEMBL54976,IKZF1_8RQC,-4.804,ok
CHEMBL558,IKZF1_8RQC,-4.001,ok
CHEMBL56021,IKZF1_8RQC,-4.464,ok
CHEMBL518924,IKZF1_8RQC,,timeout
CHEMBL521606,IKZF1_8RQC,,timeout
CHEMBL521686,IKZF1_8RQC,,timeout
CHEMBL524004,IKZF1_8RQC,,timeout
CHEMBL563,IKZF1_8RQC,-5.168,ok
CHEMBL557555,IKZF1_8RQC,-5.0,ok
CHEMBL528,IKZF1_8RQC,,timeout
CHEMBL57,IKZF1_8RQC,-4.63,ok
CHEMBL573,IKZF1_8RQC,-4.61,ok
CHEMBL530,IKZF1_8RQC,,timeout
CHEMBL561,IKZF1_8RQC,-5.309,ok
CHEMBL56337,IKZF1_8RQC,-5.432,ok
CHEMBL572,IKZF1_8RQC,-6.323,ok
CHEMBL535,IKZF1_8RQC,,timeout
CHEMBL582,IKZF1_8RQC,-3.092,ok
CHEMBL569,IKZF1_8RQC,-4.434,ok
CHEMBL578767,IKZF1_8RQC,-5.564,ok
CHEMBL56367,IKZF1_8RQC,-5.172,ok
CHEMBL546,IKZF1_8RQC,-4.808,ok
CHEMBL54,IKZF1_8RQC,,timeout
CHEMBL571,IKZF1_8RQC,-5.737,ok
CHEMBL579205,IKZF1_8RQC,-5.376,ok
CHEMBL576127,IKZF1_8RQC,-5.534,ok
CHEMBL55,IKZF1_8RQC,,timeout
CHEMBL589586,IKZF1_8RQC,-4.576,ok
CHEMBL591,IKZF1_8RQC,-4.111,ok
CHEMBL550348,IKZF1_8RQC,,timeout
CHEMBL553,IKZF1_8RQC,,timeout
CHEMBL568,IKZF1_8RQC,-5.161,ok
CHEMBL59,IKZF1_8RQC,-4.55,ok
CHEMBL602,IKZF1_8RQC,-2.549,ok
CHEMBL569713,IKZF1_8RQC,-4.831,ok
CHEMBL585,IKZF1_8RQC,-5.276,ok
CHEMBL600,IKZF1_8RQC,-4.001,ok
CHEMBL601,IKZF1_8RQC,-4.771,ok
CHEMBL567,IKZF1_8RQC,,timeout
CHEMBL58323,IKZF1_8RQC,-5.181,ok
CHEMBL571546,IKZF1_8RQC,,timeout
CHEMBL599,IKZF1_8RQC,-5.47,ok
CHEMBL61006,IKZF1_8RQC,-4.501,ok
CHEMBL580,IKZF1_8RQC,-4.987,ok
CHEMBL607400,IKZF1_8RQC,-4.542,ok
CHEMBL583,IKZF1_8RQC,-5.49,ok
CHEMBL614,IKZF1_8RQC,-4.686,ok
CHEMBL589,IKZF1_8RQC,-4.433,ok
CHEMBL612,IKZF1_8RQC,-4.283,ok
CHEMBL597,IKZF1_8RQC,-5.201,ok
CHEMBL609,IKZF1_8RQC,-4.071,ok
CHEMBL575,IKZF1_8RQC,,timeout
CHEMBL607710,IKZF1_8RQC,-5.559,ok
CHEMBL577,IKZF1_8RQC,,timeout
CHEMBL638,IKZF1_8RQC,,ok
CHEMBL578,IKZF1_8RQC,,timeout
CHEMBL625,IKZF1_8RQC,-5.263,ok
CHEMBL64,IKZF1_8RQC,-5.036,ok
CHEMBL588,IKZF1_8RQC,,timeout
CHEMBL6,IKZF1_8RQC,-5.269,ok
CHEMBL622,IKZF1_8RQC,-4.686,ok
CHEMBL593,IKZF1_8RQC,,timeout
CHEMBL595,IKZF1_8RQC,,timeout
CHEMBL635,IKZF1_8RQC,-5.685,ok
CHEMBL659,IKZF1_8RQC,,ok
CHEMBL61593,IKZF1_8RQC,-5.86,ok
CHEMBL632,IKZF1_8RQC,-5.089,ok
CHEMBL677,IKZF1_8RQC,,ok
CHEMBL660,IKZF1_8RQC,-4.388,ok
CHEMBL611,IKZF1_8RQC,-5.778,ok
CHEMBL605846,IKZF1_8RQC,,timeout
CHEMBL637,IKZF1_8RQC,-4.259,ok
CHEMBL640,IKZF1_8RQC,-4.689,ok
CHEMBL62193,IKZF1_8RQC,-5.417,ok
CHEMBL647,IKZF1_8RQC,-4.491,ok
CHEMBL656,IKZF1_8RQC,-5.137,ok
CHEMBL61,IKZF1_8RQC,,timeout
CHEMBL696,IKZF1_8RQC,-4.639,ok
CHEMBL63857,IKZF1_8RQC,-4.896,ok
CHEMBL692,IKZF1_8RQC,-3.864,ok
CHEMBL679,IKZF1_8RQC,-4.691,ok
CHEMBL691,IKZF1_8RQC,-5.566,ok
CHEMBL641,IKZF1_8RQC,-4.634,ok
CHEMBL70,IKZF1_8RQC,-4.914,ok
CHEMBL615,IKZF1_8RQC,,timeout
CHEMBL704,IKZF1_8RQC,-5.159,ok
CHEMBL617,IKZF1_8RQC,,timeout
CHEMBL620,IKZF1_8RQC,,timeout
CHEMBL668,IKZF1_8RQC,-4.69,ok
CHEMBL686,IKZF1_8RQC,-4.871,ok
CHEMBL70927,IKZF1_8RQC,-4.106,ok
CHEMBL631,IKZF1_8RQC,,timeout
CHEMBL71595,IKZF1_8RQC,-2.333,ok
CHEMBL701,IKZF1_8RQC,-4.401,ok
CHEMBL685,IKZF1_8RQC,-6.0,ok
CHEMBL720,IKZF1_8RQC,-4.123,ok
CHEMBL700,IKZF1_8RQC,-4.907,ok
CHEMBL734,IKZF1_8RQC,-3.696,ok
CHEMBL727,IKZF1_8RQC,-4.367,ok
CHEMBL70046,IKZF1_8RQC,-4.59,ok
CHEMBL642,IKZF1_8RQC,,timeout
CHEMBL6995,IKZF1_8RQC,-4.799,ok
CHEMBL680,IKZF1_8RQC,-5.217,ok
CHEMBL645,IKZF1_8RQC,,timeout
CHEMBL741,IKZF1_8RQC,-4.487,ok
CHEMBL713,IKZF1_8RQC,-6.424,ok
CHEMBL710,IKZF1_8RQC,-5.701,ok
CHEMBL652,IKZF1_8RQC,,timeout
CHEMBL742,IKZF1_8RQC,-4.205,ok
CHEMBL698,IKZF1_8RQC,-4.569,ok
CHEMBL714,IKZF1_8RQC,-4.7,ok
CHEMBL744,IKZF1_8RQC,-4.696,ok
CHEMBL760,IKZF1_8RQC,-4.905,ok
CHEMBL7413,IKZF1_8RQC,-4.356,ok
CHEMBL750,IKZF1_8RQC,-4.318,ok
CHEMBL771,IKZF1_8RQC,-4.217,ok
CHEMBL770,IKZF1_8RQC,-4.415,ok
CHEMBL773,IKZF1_8RQC,-3.681,ok
CHEMBL761,IKZF1_8RQC,-5.284,ok
CHEMBL7728,IKZF1_8RQC,-4.611,ok
CHEMBL707,IKZF1_8RQC,,timeout
CHEMBL708,IKZF1_8RQC,,timeout
CHEMBL762,IKZF1_8RQC,-5.281,ok
CHEMBL777,IKZF1_8RQC,-4.075,ok
CHEMBL716,IKZF1_8RQC,-4.572,ok
CHEMBL778,IKZF1_8RQC,-4.279,ok
CHEMBL709,IKZF1_8RQC,,timeout
CHEMBL75435,IKZF1_8RQC,-5.703,ok
CHEMBL70972,IKZF1_8RQC,,timeout
CHEMBL776,IKZF1_8RQC,-4.508,ok
CHEMBL72,IKZF1_8RQC,,timeout
CHEMBL7863,IKZF1_8RQC,-3.852,ok
CHEMBL781,IKZF1_8RQC,-5.782,ok
CHEMBL723,IKZF1_8RQC,,timeout
CHEMBL726,IKZF1_8RQC,,timeout
CHEMBL746,IKZF1_8RQC,-4.905,ok
CHEMBL807,IKZF1_8RQC,-4.124,ok
CHEMBL810,IKZF1_8RQC,-5.235,ok
CHEMBL788,IKZF1_8RQC,-4.288,ok
CHEMBL821,IKZF1_8RQC,-3.354,ok
CHEMBL802,IKZF1_8RQC,-4.72,ok
CHEMBL827,IKZF1_8RQC,,ok
CHEMBL796,IKZF1_8RQC,-4.425,ok
CHEMBL782,IKZF1_8RQC,-5.407,ok
CHEMBL765,IKZF1_8RQC,-2.771,ok
CHEMBL818,IKZF1_8RQC,-4.738,ok
CHEMBL79,IKZF1_8RQC,-4.439,ok
CHEMBL80,IKZF1_8RQC,-5.003,ok
CHEMBL779,IKZF1_8RQC,-6.714,ok
CHEMBL76370,IKZF1_8RQC,-5.391,ok
CHEMBL803,IKZF1_8RQC,-4.108,ok
CHEMBL806,IKZF1_8RQC,-4.865,ok
CHEMBL76,IKZF1_8RQC,-5.115,ok
CHEMBL8,IKZF1_8RQC,-4.964,ok
CHEMBL844,IKZF1_8RQC,-4.804,ok
CHEMBL768,IKZF1_8RQC,,timeout
CHEMBL842,IKZF1_8RQC,-4.477,ok
CHEMBL830,IKZF1_8RQC,-5.251,ok
CHEMBL848,IKZF1_8RQC,-5.544,ok
CHEMBL853,IKZF1_8RQC,-4.191,ok
CHEMBL856,IKZF1_8RQC,-4.196,ok
CHEMBL826,IKZF1_8RQC,-5.223,ok
CHEMBL861,IKZF1_8RQC,-4.464,ok
CHEMBL783,IKZF1_8RQC,-5.39,ok
CHEMBL862,IKZF1_8RQC,-5.125,ok
CHEMBL863,IKZF1_8RQC,-3.875,ok
CHEMBL847,IKZF1_8RQC,-4.357,ok
CHEMBL84,IKZF1_8RQC,-5.661,ok
CHEMBL799,IKZF1_8RQC,,timeout
CHEMBL869,IKZF1_8RQC,-6.219,ok
CHEMBL877,IKZF1_8RQC,-4.945,ok
CHEMBL857,IKZF1_8RQC,-4.639,ok
CHEMBL86304,IKZF1_8RQC,-5.163,ok
CHEMBL839,IKZF1_8RQC,-5.235,ok
CHEMBL814,IKZF1_8RQC,,timeout
CHEMBL87493,IKZF1_8RQC,-5.425,ok
CHEMBL887,IKZF1_8RQC,-4.932,ok
CHEMBL83063,IKZF1_8RQC,-5.309,ok
CHEMBL817,IKZF1_8RQC,,timeout
CHEMBL885,IKZF1_8RQC,-4.519,ok
CHEMBL88,IKZF1_8RQC,-3.735,ok
CHEMBL819,IKZF1_8RQC,,timeout
CHEMBL852,IKZF1_8RQC,-4.565,ok
CHEMBL865,IKZF1_8RQC,-6.081,ok
CHEMBL838,IKZF1_8RQC,,timeout
CHEMBL89598,IKZF1_8RQC,-4.381,ok
CHEMBL850,IKZF1_8RQC,-5.897,ok
CHEMBL90,IKZF1_8RQC,-3.926,ok
CHEMBL86,IKZF1_8RQC,-4.574,ok
CHEMBL86715,IKZF1_8RQC,-4.927,ok
CHEMBL888,IKZF1_8RQC,-4.286,ok
CHEMBL894,IKZF1_8RQC,-4.428,ok
CHEMBL878,IKZF1_8RQC,-4.499,ok
CHEMBL918,IKZF1_8RQC,-5.286,ok
CHEMBL898,IKZF1_8RQC,-6.22,ok
CHEMBL866,IKZF1_8RQC,-5.299,ok
CHEMBL925,IKZF1_8RQC,-4.557,ok
CHEMBL917,IKZF1_8RQC,-4.953,ok
CHEMBL9,IKZF1_8RQC,-4.839,ok
CHEMBL930,IKZF1_8RQC,-5.277,ok
CHEMBL940,IKZF1_8RQC,-4.418,ok
CHEMBL93,IKZF1_8RQC,-4.845,ok
CHEMBL895,IKZF1_8RQC,-5.007,ok
CHEMBL905,IKZF1_8RQC,-5.135,ok
CHEMBL95,IKZF1_8RQC,-4.694,ok
CHEMBL94081,IKZF1_8RQC,-4.736,ok
CHEMBL897,IKZF1_8RQC,-4.204,ok
CHEMBL945,IKZF1_8RQC,-5.678,ok
CHEMBL95889,IKZF1_8RQC,-3.875,ok
CHEMBL959,IKZF1_8RQC,-4.152,ok
CHEMBL9225,IKZF1_8RQC,-5.034,ok
CHEMBL87992,IKZF1_8RQC,,timeout
CHEMBL880,IKZF1_8RQC,,timeout
CHEMBL94394,IKZF1_8RQC,-5.315,ok
CHEMBL965,IKZF1_8RQC,-3.939,ok
CHEMBL963,IKZF1_8RQC,-5.247,ok
CHEMBL985,IKZF1_8RQC,-3.405,ok
CHEMBL891,IKZF1_8RQC,,timeout
CHEMBL893,IKZF1_8RQC,,timeout
CHEMBL960,IKZF1_8RQC,-5.879,ok
CHEMBL956,IKZF1_8RQC,-5.021,ok
CHEMBL896,IKZF1_8RQC,,timeout
CHEMBL902,IKZF1_8RQC,-6.18,ok
CHEMBL973,IKZF1_8RQC,-6.029,ok
CHEMBL980,IKZF1_8RQC,-4.688,ok
CHEMBL991,IKZF1_8RQC,-4.618,ok
CHEMBL979,IKZF1_8RQC,-4.26,ok
CHEMBL926,IKZF1_8RQC,,timeout
CHEMBL936,IKZF1_8RQC,-5.524,ok
CHEMBL953,IKZF1_8RQC,-5.041,ok
CHEMBL939,IKZF1_8RQC,,timeout
CHEMBL982,IKZF1_8RQC,-4.596,ok
CHEMBL99946,IKZF1_8RQC,-4.293,ok
CHEMBL941,IKZF1_8RQC,,timeout
CHEMBL981,IKZF1_8RQC,-5.447,ok
CHEMBL94454,IKZF1_8RQC,,timeout
CHEMBL989,IKZF1_8RQC,-5.075,ok
CHEMBL98,IKZF1_8RQC,-5.695,ok
CHEMBL967,IKZF1_8RQC,-4.174,ok
CHEMBL996,IKZF1_8RQC,,timeout
